{
    "Anguila": {
        "alergies": [
            "Peix"
        ],
        "variants": [
            "TofuFumat",
            "AlberginiaRostida",
            "SeitanALamines"
        ]
    },
    "Anxoves": {
        "alergies": [
            "Peix"
        ],
        "variants": [
            "OlivesNegres",
            "PernilVegetal",
            "Taperes"
        ]
    },
    "Api": {
        "alergies": [
            "Api"
        ],
        "variants": [
            "Porro",
            "Carbasso",
            "Cogombre"
        ]
    },
    "Avellanes": {
        "alergies": [
            "Fruitssecs"
        ],
        "variants": [
            "LlavorsDeGira-sol",
            "LlavorsDeCarbassa",
            "LlavorsDeSesam"
        ]
    },
    "Bacalla": {
        "alergies": [
            "Peix"
        ],
        "variants": [
            "TofuMarinat",
            "BoletsSaltejats",
            "HeuraNatural"
        ]
    },
    "Bao": {
        "alergies": [
            "Gluten"
        ],
        "variants": [
            "BaoSenseGluten",
            "PaDarros",
            "TortitaDeBlatDeMoro"
        ]
    },
    "Basedhojaldre": {
        "alergies": [
            "Gluten",
            "Lactosa"
        ],
        "variants": [
            "MassaDeFullSenseGlutenNiLactosa",
            "MassaDeCocaDoli",
            "MassaBrisaSenseGluten"
        ]
    },
    "Beixamel": {
        "alergies": [
            "Gluten",
            "Lactosa"
        ],
        "variants": [
            "BeixamelAmbFarinaDarros+LletVegetal",
            "SalsaDeColiflorTrinxada",
            "CremaDanacards"
        ]
    },
    "Brandi": {
        "alergies": [
            "Alcohol"
        ],
        "variants": [
            "BrouDeVerduraReduit",
            "VinagreBalsamicSuau",
            "SucDePomaReduit"
        ]
    },
    "Brioixpetit": {
        "alergies": [
            "Gluten",
            "Lactosa",
            "Ou"
        ],
        "variants": [
            "PaDolcSenseGlutenNiOus",
            "MuffinVega",
            "PaDespeltaSenseLactosa"
        ]
    },
    "Brotsdesoja": {
        "alergies": [
            "Soja"
        ],
        "variants": [
            "BrotsDePesol",
            "BrotsDeLlentia",
            "BrotsDeCigro"
        ]
    },
    "Broucarabiner": {
        "alergies": [
            "Crustacis"
        ],
        "variants": [
            "BrouDeVerduresIntens",
            "BrouDalguesKombu+Miso",
            "BrouDePollastreSuau"
        ]
    },
    "Broudau": {
        "alergies": [
            "Api"
        ],
        "variants": [
            "BrouDeVerduresSenseApi",
            "BrouDePorroIPastanaga",
            "BrouDeBolets"
        ]
    },
    "Broudecarn": {
        "alergies": [
            "Api"
        ],
        "variants": [
            "BrouDePollastreSenseApi",
            "BrouDeBolets",
            "BrouDossosDindiot"
        ]
    },
    "Broudepeix": {
        "alergies": [
            "Peix"
        ],
        "variants": [
            "BrouDalguesKombu",
            "BrouDeVerduresIntens",
            "BrouDeMisoSuau"
        ]
    },
    "Broudepollastre": {
        "alergies": [
            "Api"
        ],
        "variants": [
            "BrouVegetalConcentratSenseApi",
            "BrouDeBolets",
            "BrouDossosDeVedellaSenseApi"
        ]
    },
    "Cacauets": {
        "alergies": [
            "Fruitssecs"
        ],
        "variants": [
            "LlavorsDeGira-sol",
            "LlavorsDeCarbassa",
            "TahinaSuau"
        ]
    },
    "Couscous": {
        "alergies": [
            "Gluten"
        ],
        "variants": [
            "CuscusDeBlatDeMoro",
            "Quinoa",
            "Mijo"
        ]
    },
    "Cremaagra": {
        "alergies": [
            "Lactics"
        ],
        "variants": [
            "CremaDeTofu",
            "CremaVegetalDanacards",
            "IogurtVegetalSenseSucre"
        ]
    },
    "Farina": {
        "alergies": [
            "Gluten"
        ],
        "variants": [
            "FarinaDarros",
            "FarinaDeBlatDeMoro",
            "FarinaDeCigro"
        ]
    },
    "Farinadametlla": {
        "alergies": [
            "Fruitssecs"
        ],
        "variants": [
            "FarinaDeCoco",
            "FarinaDarros",
            "FarinaDeBlatDeMoro"
        ]
    },
    "Farinadeblat": {
        "alergies": [
            "Gluten"
        ],
        "variants": [
            "FarinaDarros",
            "FarinaDeBlatDeMoro",
            "FarinaDeCigro"
        ]
    },
    "Festucs": {
        "alergies": [
            "Fruitssecs"
        ],
        "variants": [
            "LlavorsDeGira-sol",
            "LlavorsDeCarbassa",
            "LlavorsDeSesam"
        ]
    },
    "Fideus": {
        "alergies": [
            "Gluten"
        ],
        "variants": [
            "FideusDarros",
            "FideusDeBlatDeMoro",
            "FideusDeSoba(senseGluten)"
        ]
    },
    "Formatge": {
        "alergies": [
            "Lactics"
        ],
        "variants": [
            "TofuFermentat",
            "FormatgeVega",
            "IogurtVegetalEspes"
        ]
    },
    "Formatgedecabra": {
        "alergies": [
            "Lactics"
        ],
        "variants": [
            "FormatgeVega",
            "TofuFermMarinat",
            "CremaVegetal"
        ]
    },
    "Formatgefeta": {
        "alergies": [
            "Lactics"
        ],
        "variants": [
            "TofuFeta(marinat)",
            "FormatgeVegaSalao",
            "TofuEsmicolatAmbHerbes"
        ]
    },
    "Formatgecrema": {
        "alergies": [
            "Lactics"
        ],
        "variants": [
            "CremaVegetal",
            "DipDanacards",
            "CremaDeTofuSuau"
        ]
    },
    "Formatgefresc": {
        "alergies": [
            "Lactics"
        ],
        "variants": [
            "FormatgeVegaBlanc",
            "TofuSedos",
            "IogurtVegetalEspes"
        ]
    },
    "Formatgeroquefort": {
        "alergies": [
            "Lactics"
        ],
        "variants": [
            "FormatgeBlauVega",
            "TofuFermentatAmbMiso",
            "PastetaDanacards+Miso"
        ]
    },
    "Formatgesenselactosa": {
        "alergies": [
            "Lactics"
        ],
        "variants": [
            "FormatgeVega",
            "TofuFermentat",
            "CremaVegetal"
        ]
    },
    "Formatgetendre": {
        "alergies": [
            "Lactics"
        ],
        "variants": [
            "FormatgeVegaTendre",
            "TofuFerm",
            "IogurtVegetalEspes"
        ]
    },
    "Fruitssecs": {
        "alergies": [
            "Fruitssecs"
        ],
        "variants": [
            "LlavorsDeGira-sol",
            "LlavorsDeCarbassa",
            "LlavorsDeSesam"
        ]
    },
    "Fumet": {
        "alergies": [
            "Peix"
        ],
        "variants": [
            "BrouDalguesKombu",
            "BrouVegetalIntens",
            "BrouDeMisoSuau"
        ]
    },
    "Gamba": {
        "alergies": [
            "Crustacis"
        ],
        "variants": [
            "TofuMarinat",
            "SeitanTrossejat",
            "BoletsShiitake"
        ]
    },
    "Iogurtgrec": {
        "alergies": [
            "Lactics"
        ],
        "variants": [
            "IogurtVegetal",
            "IogurtDeCoco",
            "CremaVegetal"
        ]
    },
    "Lecitinadesoja": {
        "alergies": [
            "Soja"
        ],
        "variants": [
            "LecitinaDeGira-sol",
            "GomaXantana",
            "PectinaVegetal"
        ]
    },
    "Llavorsdesesam": {
        "alergies": [
            "Sessam"
        ],
        "variants": [
            "LlavorsDeRosella",
            "LlavorsDeGira-sol",
            "LlavorsDeCarbassa"
        ]
    },
    "Llet": {
        "alergies": [
            "Lactics"
        ],
        "variants": [
            "LletDametlla",
            "LletDavena",
            "LletDeSoja(siNoHiHaAllergia)"
        ]
    },
    "Lletdovella": {
        "alergies": [
            "Lactics"
        ],
        "variants": [
            "LletVegetalCremosa",
            "IogurtVegetal",
            "CremaDeCoco"
        ]
    },
    "Lletsencera": {
        "alergies": [
            "Lactics"
        ],
        "variants": [
            "LletVegetal(avena)",
            "LletVegetal(soja)",
            "LletDeCoco"
        ]
    },
    "Maionesa": {
        "alergies": [
            "Ou"
        ],
        "variants": [
            "MaionesaVegana",
            "SalsaDeIogurtVegetal",
            "AllioliVega"
        ]
    },
    "Maltosec": {
        "alergies": [
            "Gluten"
        ],
        "variants": [
            "SucreMore",
            "AlmivarDatzavara",
            "SiropDauro"
        ]
    },
    "Mantega": {
        "alergies": [
            "Lactics"
        ],
        "variants": [
            "MargarinaVegetal",
            "OliDoliva",
            "CremaDeCoco"
        ]
    },
    "Massadedumpling": {
        "alergies": [
            "Gluten"
        ],
        "variants": [
            "MassaDeDumplingSenseGluten",
            "PastaDarros",
            "FullsDeBlatDeMoro"
        ]
    },
    "Baguette": {
        "alergies": [
            "Gluten"
        ],
        "variants": [
            "BaguetteSenseGluten",
            "PaDarros",
            "PaDeFajol"
        ]
    },
    "Mostassa": {
        "alergies": [
            "Mostassa"
        ],
        "variants": [
            "CremaDanet",
            "SalsaDherbesVinagreta",
            "PureDeColiflorAmbVinagre"
        ]
    },
    "Nata": {
        "alergies": [
            "Lactics"
        ],
        "variants": [
            "NataVegetal",
            "CremaDeCoco",
            "IogurtVegetalEspes"
        ]
    },
    "Nous": {
        "alergies": [
            "Fruitssecs"
        ],
        "variants": [
            "LlavorsDeGira-sol",
            "LlavorsDeCarbassa",
            "LlavorsDeLli"
        ]
    },
    "Olidavellanes": {
        "alergies": [
            "Fruitssecs"
        ],
        "variants": [
            "OliDolivaVerge",
            "OliDeSesamSuau",
            "OliDeLlavors"
        ]
    },
    "Olidecarabiner": {
        "alergies": [
            "Crustacis"
        ],
        "variants": [
            "OliDolivaAromatitzat",
            "OliDePebreVermell",
            "OliDePorro"
        ]
    },
    "Olidesesam": {
        "alergies": [
            "Sesam"
        ],
        "variants": [
            "OliDeGira-sol",
            "OliDeColza",
            "OliDolivaSuau"
        ]
    },
    "Oporto": {
        "alergies": [
            "Sulfits"
        ],
        "variants": [
            "SucDeRaimReduit",
            "CaramelLiquidSuau",
            "VinagreBalsamicReduit"
        ]
    },
    "Ostres": {
        "alergies": [
            "Moluscs"
        ],
        "variants": [
            "BoletsShiitakeALaGraella",
            "SipionesVegetals(seitan)",
            "TofuALaPlanxaAmbAlgues"
        ]
    },
    "Ou": {
        "alergies": [
            "Ou"
        ],
        "variants": [
            "Aquafaba",
            "PureDePoma",
            "IogurtVegetal"
        ]
    },
    "Pa": {
        "alergies": [
            "Gluten"
        ],
        "variants": [
            "PaSenseGluten",
            "PaDarros",
            "PaDeFajol"
        ]
    },
    "Panipuri": {
        "alergies": [
            "Gluten"
        ],
        "variants": [
            "PanipuriSenseGluten",
            "TotoposDeBlatDeMoro",
            "PaDarrosCruixent"
        ]
    },
    "Panko": {
        "alergies": [
            "Gluten"
        ],
        "variants": [
            "PaRatllatSenseGluten",
            "FlocsDeBlatDeMoroTriturats",
            "CruixentDarros"
        ]
    },
    "Parmesa": {
        "alergies": [
            "Lactics"
        ],
        "variants": [
            "FormatgeVegaRatllat",
            "LlevatNutricional",
            "TofuFermentatRatllat"
        ]
    },
    "Pasta": {
        "alergies": [
            "Gluten"
        ],
        "variants": [
            "PastaDarros",
            "PastaDeBlatSarrai",
            "PastaDeCigro"
        ]
    },
    "Pastabrick": {
        "alergies": [
            "Gluten"
        ],
        "variants": [
            "FullsDarros",
            "FullsDeBlatDeMoro",
            "PastaFiloSenseGluten"
        ]
    },
    "Pastadesesam": {
        "alergies": [
            "Sesam"
        ],
        "variants": [
            "CremaDeGira-sol",
            "CremaDeCacauet",
            "CremaDametlles"
        ]
    },
    "Pastarissino": {
        "alergies": [
            "Gluten"
        ],
        "variants": [
            "ArrosDeGraPetit",
            "BulgurSenseGluten",
            "CuscusDeColiflor"
        ]
    },
    "Picatostes": {
        "alergies": [
            "Gluten"
        ],
        "variants": [
            "PicatostesSenseGluten",
            "CruixentDarros",
            "NachosTrencats"
        ]
    },
    "Pinyons": {
        "alergies": [
            "Fruitssecs"
        ],
        "variants": [
            "LlavorsDeGira-sol",
            "LlavorsDeCarbassa",
            "LlavorsDeSesam"
        ]
    },
    "Polsdecroissant": {
        "alergies": [
            "Gluten"
        ],
        "variants": [
            "PolsDeGaletaSenseGluten",
            "CruixentDeBlatDeMoro",
            "PolsDarros"
        ]
    },
    "Sake": {
        "alergies": [
            "Sulfits"
        ],
        "variants": [
            "SucDePomaFermentada",
            "AiguaAmbUnTocDeVinagreDePoma",
            "ViDarrosSenseAlcohol"
        ]
    },
    "Salsadesoja": {
        "alergies": [
            "Soja"
        ],
        "variants": [
            "SalsaTamariSenseSoja",
            "CocoAminos",
            "SalsaDeMisoSuau"
        ]
    },
    "Salsaperrins": {
        "alergies": [
            "Peix"
        ],
        "variants": [
            "SalsaWorcestershireVegana",
            "VinagreBalsamicReduit",
            "SalsaDeSoja"
        ]
    },
    "Salsateriyaki": {
        "alergies": [
            "Soja",
            "Gluten"
        ],
        "variants": [
            "CocoAminos",
            "GlassaDeVinagreBalsamic",
            "SalsaDeMelIGingebre"
        ]
    },
    "Sardinesenconserva": {
        "alergies": [
            "Peix"
        ],
        "variants": [
            "BoletsShiitakeLaminats",
            "AlberginiaFumada",
            "TofuMarinat"
        ]
    },
    "Semola": {
        "alergies": [
            "Gluten"
        ],
        "variants": [
            "SemolaDarros",
            "FarinaDeBlatDeMoro",
            "FarinaDeQuinoa"
        ]
    },
    "Soja": {
        "alergies": [
            "Soja"
        ],
        "variants": [
            "CocoAminos",
            "LlegumsCuits",
            "TofuDeLlenties"
        ]
    },
    "Tartaleta": {
        "alergies": [
            "Gluten"
        ],
        "variants": [
            "TartaletaSenseGluten",
            "BaseDeBlatDeMoro",
            "BaseDarros"
        ]
    },
    "Tintadecalamar": {
        "alergies": [
            "Marisc"
        ],
        "variants": [
            "CebaNegra",
            "CarboAlimentari+FumLiquid",
            "MisoFosc"
        ]
    },
    "Tonyina": {
        "alergies": [
            "Peix"
        ],
        "variants": [
            "JackfruitATires",
            "TofuFermMarinat",
            "SeitanTrossejat"
        ]
    },
    "Tortillamexicana": {
        "alergies": [
            "Gluten"
        ],
        "variants": [
            "TortillaDeBlatDeMoro",
            "TortillaDeFajol",
            "TortillaDarros"
        ]
    },
    "Viblanc": {
        "alergies": [
            "Sulfits"
        ],
        "variants": [
            "SucDePomaClar",
            "AiguaAromatitzadaAmbRaim",
            "MostDeRaimReduit"
        ]
    },
    "Vifino": {
        "alergies": [
            "Sulfits"
        ],
        "variants": [
            "SucDeRaimFermentatSuau",
            "AiguaAmbVinagreDePoma",
            "SucDePomaReduit"
        ]
    },
    "Vinegre": {
        "alergies": [
            "Sulfits"
        ],
        "variants": [
            "MostDeRaimNegre",
            "AiguaAmbVinagreSuau",
            "SucDeFruitesVermellesReduit"
        ]
    },
    "Vioporto": {
        "alergies": [
            "Sulfits"
        ],
        "variants": [
            "SucDeRaimNegreReduit",
            "CaramelLiquid",
            "SucDeNabiusReduit"
        ]
    },
    "Viranci": {
        "alergies": [
            "Sulfits"
        ],
        "variants": [
            "MostConcentrat",
            "SucDePomaReduit",
            "VinagreBalsamicDolc"
        ]
    },
    "Xipirons": {
        "alergies": [
            "Moluscs"
        ],
        "variants": [
            "BoletsShiitake",
            "SindriaFetaALaPlanxa",
            "SeitanTrossejat"
        ]
    },
    "Ametlla": {
        "alergies": [
            "Fruitssecs"
        ],
        "variants": [
            "LlavorsDeGira-sol",
            "LlavorsDeCarbassa",
            "FarinaDeCoco"
        ]
    },
    "Anacards": {
        "alergies": [
            "Fruitssecs"
        ],
        "variants": [
            "LlavorsDeGira-sol",
            "LlavorsDeCanem",
            "PureDeColiflor"
        ]
    },
    "Avellana": {
        "alergies": [
            "Fruitssecs"
        ],
        "variants": [
            "LlavorsDeGira-sol",
            "LlavorsDeCarbassa",
            "LlavorsDeRosella"
        ]
    },
    "Calamars": {
        "alergies": [
            "Moluscs"
        ],
        "variants": [
            "BoletsShiitake",
            "SeitanATires",
            "TofuFermALaPlanxa"
        ]
    },
    "Cloisses": {
        "alergies": [
            "Moluscs"
        ],
        "variants": [
            "BoletsShiitake",
            "LaminatDalberginia",
            "SeitanMarinat"
        ]
    },
    "Corbina": {
        "alergies": [
            "Peix"
        ],
        "variants": [
            "TofuMarinat",
            "SeitanSuau",
            "JackfruitALaPlanxa"
        ]
    },
    "Cremadametlla": {
        "alergies": [
            "Fruitssecs"
        ],
        "variants": [
            "CremaDeGira-sol",
            "CremaDeCoco",
            "PureDeColiflor"
        ]
    },
    "Daurada": {
        "alergies": [
            "Peix"
        ],
        "variants": [
            "TofuALaPlanxa",
            "JackfruitTrossejat",
            "SeitanAmbAlgues"
        ]
    },
    "Llobina": {
        "alergies": [
            "Peix"
        ],
        "variants": [
            "TofuFermMarinat",
            "AlberginiaFumada",
            "BoletsShiitake"
        ]
    },
    "Gambes": {
        "alergies": [
            "Crustacis"
        ],
        "variants": [
            "TofuMarinat",
            "BoletsShiitake",
            "SeitanADaus"
        ]
    },
    "Iogurt": {
        "alergies": [
            "Lactics"
        ],
        "variants": [
            "IogurtVegetal",
            "IogurtDeCoco",
            "CremaVegetalSuau"
        ]
    },
    "Iogurtdecabra": {
        "alergies": [
            "Lactics"
        ],
        "variants": [
            "IogurtVegetal",
            "IogurtDametlla",
            "TofuSedos"
        ]
    },
    "Iogurtnatural": {
        "alergies": [
            "Lactics"
        ],
        "variants": [
            "IogurtVegetal",
            "IogurtDeSoja(siNoHiHaAllergia)",
            "CremaDeCoco"
        ]
    },
    "Llamantol": {
        "alergies": [
            "Crustacis"
        ],
        "variants": [
            "BoletsPortobello",
            "Jackfruit",
            "Seitan"
        ]
    },
    "Lletdametlla": {
        "alergies": [
            "Fruitssecs"
        ],
        "variants": [
            "LletDavena",
            "LletDarros",
            "LletDeCoco"
        ]
    },
    "Llobarro": {
        "alergies": [
            "Peix"
        ],
        "variants": [
            "TofuMarinat",
            "JackfruitALamines",
            "BoletsShiitake"
        ]
    },
    "Lluc": {
        "alergies": [
            "Peix"
        ],
        "variants": [
            "TofuFerm",
            "SeitanSuau",
            "AlberginiaFumada"
        ]
    },
    "Mantegadecacauet": {
        "alergies": [
            "Cacauets"
        ],
        "variants": [
            "CremaDeGira-sol",
            "CremaDeCaju(siNoHiHaAllergia)",
            "CremaDeSoja"
        ]
    },
    "Mascarpone": {
        "alergies": [
            "Lactics"
        ],
        "variants": [
            "FormatgeCremaVegetal",
            "TofuSedos",
            "CremaDeCocoEspesa"
        ]
    },
    "Musclos": {
        "alergies": [
            "Moluscs"
        ],
        "variants": [
            "BoletsShiitake",
            "SeitanARodanxes",
            "SindriaALaPlanxa"
        ]
    },
    "Nou": {
        "alergies": [
            "Fruitssecs"
        ],
        "variants": [
            "LlavorsDeGira-sol",
            "LlavorsDeCarbassa",
            "LlavorsDeCanem"
        ]
    },
    "Nyoquisdepatata": {
        "alergies": [
            "Gluten"
        ],
        "variants": [
            "NyoquisSenseGluten",
            "PatataAlFornADaus",
            "MoniatoRostit"
        ]
    },
    "Olidavellana": {
        "alergies": [
            "Fruitssecs"
        ],
        "variants": [
            "OliDeGira-sol",
            "OliDolivaSuau",
            "OliDeLlavorsDeRaim"
        ]
    },
    "Oudesalmo": {
        "alergies": [
            "Peix"
        ],
        "variants": [
            "Aquafaba",
            "GelDalgues",
            "TofuALaPlanxaEsmicolat"
        ]
    },
    "Papardelle": {
        "alergies": [
            "Gluten"
        ],
        "variants": [
            "PastaDarros",
            "PastaDeFajol",
            "PastaDeCigro"
        ]
    },
    "Pastadesesamnegre": {
        "alergies": [
            "Sesam"
        ],
        "variants": [
            "CremaDeGira-sol",
            "CremaDametlles",
            "CremaDeCacauet"
        ]
    },
    "Pedroximenez": {
        "alergies": [
            "Sulfits"
        ],
        "variants": [
            "SucDeRaimReduit",
            "SucDeNabiusReduit",
            "CaramelLiquid"
        ]
    },
    "Pil-pil": {
        "alergies": [
            "Peix"
        ],
        "variants": [
            "AllIOliVega",
            "EmulsioDoliIAll",
            "CremaDePatataAmbAll"
        ]
    },
    "Proteina": {
        "alergies": [
            "Lactics"
        ],
        "variants": [
            "Tofu",
            "ProteinaVegetalEnPols",
            "LlegumsTriturats"
        ]
    },
    "Rap": {
        "alergies": [
            "Peix"
        ],
        "variants": [
            "SeitanSuau",
            "TofuFermMarinat",
            "JackfruitTrossejat"
        ]
    },
    "Salmofumat": {
        "alergies": [
            "Peix"
        ],
        "variants": [
            "AlberginiaFumada",
            "TofuFumat",
            "BoletsPortobello"
        ]
    },
    "Sardines": {
        "alergies": [
            "Peix"
        ],
        "variants": [
            "AlberginiaALaPlanxa",
            "TofuMarinat",
            "BoletsShiitake"
        ]
    },
    "Sesam": {
        "alergies": [
            "Sesam"
        ],
        "variants": [
            "LlavorsDeGira-solTorrades",
            "LlavorsDeCarbassaTorrades",
            "LlavorsDeRosella"
        ]
    },
    "Tofu": {
        "alergies": [
            "Soja"
        ],
        "variants": [
            "FormatgeVegetal",
            "Seitan",
            "SojaTexturitzada"
        ]
    },
    "Veloutedepeix": {
        "alergies": [
            "Peix"
        ],
        "variants": [
            "VelouteDeVerdures",
            "VelouteDeBolets",
            "CremaDePorro"
        ]
    },
    "Ventrescadetonyina": {
        "alergies": [
            "Peix"
        ],
        "variants": [
            "TofuMarinat",
            "JackfruitATires",
            "AlberginiaFumada"
        ]
    },
    "Videlemporda": {
        "alergies": [
            "Sulfits"
        ],
        "variants": [
            "MostDeRaim",
            "AiguaAromatitzadaAmbFruita",
            "SucDePomaReduit"
        ]
    },
    "Videporto": {
        "alergies": [
            "Sulfits"
        ],
        "variants": [
            "SucDeRaimNegreReduit",
            "CaramelLiquid",
            "SucDeNabiusReduit"
        ]
    },
    "Vieires": {
        "alergies": [
            "Moluscs"
        ],
        "variants": [
            "BoletsPortobelloLaminats",
            "SeitanALaPlanxa",
            "TofuFermRostit"
        ]
    },
    "Caviar": {
        "alergies": [
            "Peix"
        ],
        "variants": [
            "PerlesDeVinagreBalsamic",
            "ChiaHidratadaAmbTamari",
            "PerlesDalgues"
        ]
    },
    "Cereals": {
        "alergies": [
            "Gluten"
        ],
        "variants": [
            "CerealsSenseGluten",
            "FlocsDeBlatDeMoro",
            "FlocsDarros"
        ]
    },
    "Civada": {
        "alergies": [
            "Gluten"
        ],
        "variants": [
            "CivadaSenseGluten",
            "FajolInflat",
            "FlocsDarros"
        ]
    },
    "Escamarla": {
        "alergies": [
            "Crustacis"
        ],
        "variants": [
            "TofuMarinat",
            "BoletsShiitake",
            "SeitanATrossos"
        ]
    },
    "Fumetdepeix": {
        "alergies": [
            "Peix"
        ],
        "variants": [
            "FumetDeVerdures",
            "FumetDeBolets",
            "AiguaAmbAlguesKombu"
        ]
    },
    "Galetes": {
        "alergies": [
            "Gluten"
        ],
        "variants": [
            "GaletesSenseGluten",
            "BaseDeBlatDeMoro",
            "CookiesDarros"
        ]
    },
    "Paratllat": {
        "alergies": [
            "Gluten"
        ],
        "variants": [
            "PaRatllatSenseGluten",
            "FlocsDeBlatDeMoroTriturats",
            "CruixentDarros"
        ]
    },
    "Peixblanc": {
        "alergies": [
            "Peix"
        ],
        "variants": [
            "TofuSuau",
            "SeitanSuau",
            "AlberginiaALaPlanxa"
        ]
    },
    "Tahina": {
        "alergies": [
            "Sesam"
        ],
        "variants": [
            "CremaDeGira-sol",
            "CremaDametlles",
            "PureDeCigrons"
        ]
    },
    "Tortillesdeblat": {
        "alergies": [
            "Gluten"
        ],
        "variants": [
            "TortillesDeBlatDeMoro",
            "TortillesDeFajol",
            "TortillesDarros"
        ]
    },
    "Gelat": {
        "alergies": [
            "Lactics"
        ],
        "variants": [
            "GelatVegetal",
            "GelatDeCoco",
            "Sorbet"
        ]
    }
}