Nom-ingredient,Al·lèrgia,Variant1,Variant2,Variant3
Anguila,Peix,Tofu fumat,Albergínia rostida,Seitan a làmines
Anxoves,Peix,Olives negres,Pernil vegetal,Tàperes
Api,Api,Porro,Carbassó,Cogombre
Avellanes,Fruits secs,Llavors de gira-sol,Llavors de carbassa,Llavors de sèsam
Bacalla,Peix,Tofu marinat,Bolets saltejats,Heura natural
Bao,Gluten,Bao sense gluten,Pa d’arròs,Tortita de blat de moro
BaseDhojaldre,"Gluten, lactosa",Massa de full sense gluten ni lactosa,Massa de coca d’oli,Massa brisa sense gluten
Beixamel,"Gluten, lactosa",Beixamel amb farina d’arròs + llet vegetal,Salsa de coliflor trinxada,Crema d’anacards
Brandi,Alcohol,Brou de verdura reduït,Vinagre balsàmic suau,Suc de poma reduït
BrioixPetit,"Gluten, lactosa, ou",Pa dolç sense gluten ni ous,Muffin vegà,Pa d’espelta sense lactosa
BrotsDeSoja,Soja,Brots de pèsol,Brots de llentia,Brots de cigró
BrouCarabiner,Crustacis,Brou de verdures intens,Brou d'algues kombu + miso,Brou de pollastre suau
BrouDau,Api,Brou de verdures sense api,Brou de porro i pastanaga,Brou de bolets
BrouDeCarn,Api,Brou de pollastre sense api,Brou de bolets,Brou d’ossos d’indiot
BrouDePeix,Peix,Brou d’algues kombu,Brou de verdures intens,Brou de miso suau
BrouDePollastre,Api,Brou vegetal concentrat sense api,Brou de bolets,Brou d’ossos de vedella sense api
Cacauets,FruitsSecs,Llavors de gira-sol,Llavors de carbassa,Tahina suau
CousCous,Gluten,Cuscús de blat de moro,Quinoa,Mijo
CremaAgra,Làctics,Crema de tofu,Crema vegetal d’anacards,Iogurt vegetal sense sucre
Farina,Gluten,Farina d’arròs,Farina de blat de moro,Farina de cigró
FarinaDametlla,Fruits secs,Farina de coco,Farina d’arròs,Farina de blat de moro
FarinaDeBlat,Gluten,Farina d’arròs,Farina de blat de moro,Farina de cigró
Festucs,Fruits secs,Llavors de gira-sol,Llavors de carbassa,Llavors de sèsam
Fideus,Gluten,Fideus d’arròs,Fideus de blat de moro,Fideus de soba (sense gluten)
Formatge,Làctics,Tofu fermentat,Formatge vegà,Iogurt vegetal espès
FormatgeDeCabra,Làctics,Formatge vegà,Tofu ferm marinat,Crema vegetal
FormatgeFeta,Làctics,Tofu feta (marinat),Formatge vegà salaó,Tofu esmicolat amb herbes
FormatgeCrema,Làctics,Crema vegetal,Dip d’anacards,Crema de tofu suau
FormatgeFresc,Làctics,Formatge vegà blanc,Tofu sedós,Iogurt vegetal espès
FormatgeRoquefort,Làctics,Formatge blau vegà,Tofu fermentat amb miso,Pasteta d’anacards + miso
FormatgeSenseLactosa,Làctics,Formatge vegà,Tofu fermentat,Crema vegetal
FormatgeTendre,Làctics,Formatge vegà tendre,Tofu ferm,Iogurt vegetal espès
FruitsSecs,Fruits secs,Llavors de gira-sol,Llavors de carbassa,Llavors de sèsam
Fumet,Peix,Brou d’algues kombu,Brou vegetal intens,Brou de miso suau
Gamba,Crustacis,Tofu marinat,Seitán trossejat,Bolets shiitake
IogurtGrec,Làctics,Iogurt vegetal,Iogurt de coco,Crema vegetal
LecitinaDeSoja,Soja,Lecitina de gira-sol,Goma xantana,Pectina vegetal
LlavorsDeSesam,Sèssam,Llavors de rosella,Llavors de gira-sol,Llavors de carbassa
Llet,Làctics,Llet d’ametlla,Llet d’avena,Llet de soja (si no hi ha al·lèrgia)
LletDovella,Làctics,Llet vegetal cremosa,Iogurt vegetal,Crema de coco
LletSencera,Làctics,Llet vegetal (avena),Llet vegetal (soja),Llet de coco
Maionesa,Ou,Maionesa vegana,Salsa de iogurt vegetal,Allioli vegà
Maltosec,Gluten,Sucre morè,Almívar d’atzavara,Sirop d’auró
Mantega,Làctics,Margarina vegetal,Oli d’oliva,Crema de coco
MassaDeDumpling,Gluten,Massa de dumpling sense gluten,Pasta d’arròs,Fulls de blat de moro
Baguette,Gluten,Baguette sense gluten,Pa d’arròs,Pa de fajol
Mostassa,Mostassa,Crema d’anet,Salsa d’herbes vinagreta,Puré de coliflor amb vinagre
Nata,Làctics,Nata vegetal,Crema de coco,Iogurt vegetal espès
Nous,Fruits secs,Llavors de gira-sol,Llavors de carbassa,Llavors de lli
OliDavellanes,Fruits secs,Oli d’oliva verge,Oli de sèsam suau,Oli de llavors
OliDeCarabiner,Crustacis,Oli d’oliva aromatitzat,Oli de pebre vermell,Oli de porro
OliDeSesam,Sèsam,Oli de gira-sol,Oli de colza,Oli d’oliva suau
Oporto,Sulfits,Suc de raïm reduït,Caramel líquid suau,Vinagre balsàmic reduït
Ostres,Moluscs,Bolets shiitake a la graella,Sipiones vegetals (seitán),Tofu a la planxa amb algues
Ou,Ou,Aquafaba,Puré de poma,Iogurt vegetal
Pa,Gluten,Pa sense gluten,Pa d’arròs,Pa de fajol
Panipuri,Gluten,Panipuri sense gluten,Totopos de blat de moro,Pa d’arròs cruixent
Panko,Gluten,Pa ratllat sense gluten,Flocs de blat de moro triturats,Cruixent d’arròs
Parmesa,Làctics,Formatge vegà ratllat,Llevat nutricional,Tofu fermentat ratllat
Pasta,Gluten,Pasta d’arròs,Pasta de blat sarraí,Pasta de cigró
PastaBrick,Gluten,Fulls d’arròs,Fulls de blat de moro,Pasta filo sense gluten
PastaDeSesam,Sèsam,Crema de gira-sol,Crema de cacauet,Crema d’ametlles
PastaRissino,Gluten,Arròs de gra petit,Bulgur sense gluten,Cuscús de coliflor
Picatostes,Gluten,Picatostes sense gluten,Cruixent d’arròs,Nachos trencats
Pinyons,Fruits secs,Llavors de gira-sol,Llavors de carbassa,Llavors de sèsam
PolsDeCroissant,Gluten,Pols de galeta sense gluten,Cruixent de blat de moro,Pols d’arròs
Sake,Sulfits,Suc de poma fermentada,Aigua amb un toc de vinagre de poma,Vi d’arròs sense alcohol
SalsaDeSoja,Soja,Salsa tamari sense soja,Coco aminos,Salsa de miso suau
SalsaPerrins,Peix,Salsa Worcestershire vegana,Vinagre balsàmic reduït,Salsa de soja
SalsaTeriyaki,"Soja, Gluten",Coco aminos,Glassa de vinagre balsàmic,Salsa de mel i gingebre
SardinesEnConserva,Peix,Bolets shiitake laminats,Albergínia fumada,Tofu marinat
Semola,Gluten,Sémola d’arròs,Farina de blat de moro,Farina de quinoa
Soja,Soja,Coco aminos,Llegums cuits,Tofu de llenties
Tartaleta,Gluten,Tartaleta sense gluten,Base de blat de moro,Base d’arròs
TintaDeCalamar,Marisc,Ceba negra,Carbó alimentari + fum líquid,Miso fosc
Tonyina,Peix,Jackfruit a tires,Tofu ferm marinat,Seitán trossejat
TortillaMexicana,Gluten,Tortilla de blat de moro,Tortilla de fajol,Tortilla d’arròs
ViBlanc,Sulfits,Suc de poma clar,Aigua aromatitzada amb raïm,Most de raïm reduït
ViFino,Sulfits,Suc de raïm fermentat suau,Aigua amb vinagre de poma,Suc de poma reduït
ViNegre,Sulfits,Most de raïm negre,Aigua amb vinagre suau,Suc de fruites vermelles reduït
ViOporto,Sulfits,Suc de raïm negre reduït,Caramel líquid,suc de nabius reduït
ViRanci,Sulfits,Most concentrat,Suc de poma reduït,Vinagre balsàmic dolç
Xipirons,Moluscs,Bolets shiitake,Síndria feta a la planxa,Seitán trossejat
Ametlla,Fruits secs,Llavors de gira-sol,Llavors de carbassa,Farina de coco
Anacards,Fruits secs,Llavors de gira-sol,Llavors de cànem,Puré de coliflor
Avellana,Fruits secs,Llavors de gira-sol,Llavors de carbassa,Llavors de rosella
Calamars,Moluscs,Bolets shiitake,Seitán a tires,Tofu ferm a la planxa
Cloisses,Moluscs,Bolets shiitake,Laminat d’albergínia,Seitán marinat
Corbina,Peix,Tofu marinat,Seitán suau,Jackfruit a la planxa
CremaDametlla,Fruits secs,Crema de gira-sol,Crema de coco,Puré de coliflor
Daurada,Peix,Tofu a la planxa,Jackfruit trossejat,Seitán amb algues
Llobina,Peix,Tofu ferm marinat,Albergínia fumada,Bolets shiitake
Gambes,Crustacis,Tofu marinat,Bolets shiitake,Seitán a daus
Iogurt,Làctics,Iogurt vegetal,Iogurt de coco,Crema vegetal suau
IogurtDeCabra,Làctics,Iogurt vegetal,Iogurt d’ametlla,Tofu sedós
IogurtNatural,Làctics,Iogurt vegetal,Iogurt de soja (si no hi ha al·lèrgia),Crema de coco
Llamantol,Crustacis,Bolets portobello,Jackfruit,Seitán
LletDametlla,Fruits secs,Llet d’avena,Llet d’arròs,Llet de coco
Llobarro,Peix,Tofu marinat,Jackfruit a làmines,Bolets shiitake
Lluc,Peix,Tofu ferm,Seitán suau,Albergínia fumada
MantegaDeCacauet,Cacauets,Crema de gira-sol,Crema de cajú (si no hi ha al·lèrgia),Crema de soja
Mascarpone,Làctics,Formatge crema vegetal,Tofu sedós,Crema de coco espesa
Musclos,Moluscs,Bolets shiitake,Seitán a rodanxes,Síndria a la planxa
Nou,Fruits secs,Llavors de gira-sol,Llavors de carbassa,Llavors de cànem
NyoquisDePatata,Gluten,Nyoquis sense gluten,Patata al forn a daus,Moniato rostit
OliDavellana,Fruits secs,Oli de gira-sol,Oli d’oliva suau,Oli de llavors de raïm
OuDeSalmo,Peix,Aquafaba,Gel d’algues,Tofu a la planxa esmicolat
Papardelle,Gluten,Pasta d’arròs,Pasta de fajol,Pasta de cigró
PastaDeSesamNegre,Sèsam,Crema de gira-sol,Crema d’ametlles,Crema de cacauet
PedroXimenez,Sulfits,Suc de raïm reduït,Suc de nabius reduït,Caramel líquid
Pil-pil,Peix,All i oli vegà,Emulsió d’oli i all,Crema de patata amb all
Proteina,Làctics,Tofu,Proteïna vegetal en pols,Llegums triturats
Rap,Peix,Seitán suau,Tofu ferm marinat,Jackfruit trossejat
SalmoFumat,Peix,Albergínia fumada,Tofu fumat,Bolets portobello
Sardines,Peix,Albergínia a la planxa,Tofu marinat,Bolets shiitake
Sesam,Sèsam,Llavors de gira-sol torrades,Llavors de carbassa torrades,Llavors de rosella
Tofu,Soja,Formatge vegetal,Seitán,Soja texturitzada
VelouteDePeix,Peix,Velouté de verdures,Velouté de bolets,Crema de porro
VentrescaDeTonyina,Peix,Tofu marinat,Jackfruit a tires,Albergínia fumada
ViDeLemporda,Sulfits,Most de raïm,Aigua aromatitzada amb fruita,Suc de poma reduït
ViDePorto,Sulfits,Suc de raïm negre reduït,Caramel líquid,Suc de nabius reduït
Vieires,Moluscs,Bolets portobello laminats,Seitán a la planxa,Tofu ferm rostit
Caviar,Peix,Perles de vinagre balsàmic,Chia hidratada amb tamari,Perles d’algues
Cereals,Gluten,Cereals sense gluten,Flocs de blat de moro,Flocs d’arròs
Civada,Gluten,Civada sense gluten,Fajol inflat,Flocs d’arròs
Escamarla,Crustacis,Tofu marinat,Bolets shiitake,Seitán a trossos
FumetDePeix,Peix,Fumet de verdures,Fumet de bolets,Aigua amb algues kombu
Galetes,Gluten,Galetes sense gluten,Base de blat de moro,Cookies d’arròs
PaRatllat,Gluten,Pa ratllat sense gluten,Flocs de blat de moro triturats,Cruixent d’arròs
PeixBlanc,Peix,Tofu suau,Seitán suau,Albergínia a la planxa
Tahina,Sèsam,Crema de gira-sol,Crema d’ametlles,Puré de cigrons
TortillesDeBlat,Gluten,Tortilles de blat de moro,Tortilles de fajol,Tortilles d’arròs
Gelat,Làctics,Gelat vegetal,Gelat de coco,Sorbet