Chef,Origen-culinari,Estil,Ingredients-clau,Tecniques,Sabors
Carme Ruscalleda,Catalunya,Estacional,"Tomaquet, Ceba, All, OliDoliva, Pebrot, Alfabrega, Bacalla, Moniato, Julivert, Pinyons","Sofregir, Estofar, Confitar, Amanir, Bullir, Saltejar, Tallar en juliana, Tallar en brunoise, Enfornar","Fresc, Cítric, Herbaci, Suau"
Ángel León,Espanya,Marina d’avantguarda,"BrouDePeix, Carabiner, Musclos, TintaDeCalamar, Sake, FumetDePeix, Gamba, VinagreDeXeres, SucDeLlimona, Sal","Vapor, Fumat, Confitar, Brasejar, Reduir, Fer escuma, Emulsionar, Gelificar, Ahumar, Deshidratar","Marí, Umami, Salí, Intens"
Ferran Adrià,Espanya,"Molecular, avantguarda","Agar-agar, LecitinaDeSoja, Gelcrem, Gelespessa, Emulsionant, Mango, Cacau, SucDeTaronja, NouMoscada","Gelificar, Fer escuma, Emulsionar, Reducció, Desglasar, Esferificació, Deshidratar, Texturitzar, Airejar, Temperar, Destil·lació aromàtica","Àcid, Fresc, Dolç-suau, Herbaci"
Quique Dacosta,Mediterrani,Avantguarda mediterrània,"EsparrecsVerds, FormatgeFresc, EnciamDeMar, Gamba, Safra, BrotsDeTemporada, VinagreDeModena, Alfabrega, Tomaquet, PansesMoscatell","Confitar, Saltejar, Reduir, Emulsionar, Amanir, Brasejar, Enfornar, Fer escuma, Reducció, Marcar","Herbaci, Cítric, Fresc, Umami"
Dabiz Muñoz,Internacional,Fusió extrema,"Xile, PastaDeCurriVermell, Piparra, Llima, Gingebre, SalsaDeSoja, BrotsDeCoriandre, SucDeLlima, Mango, LlavorsDeSesam","Saltejar, Fregir, Marinar, Emulsionar, Fermentació,
Wok, Ahumar, Triturar, Cocció àcida, Planxar, Sellar","Picant, Herbaci, Cítric, Umami"
Nandu Jubany,Catalunya,Català tradicional refinat,"Pollastre, Vedella, Moniato, Ceba, Tomaquet, PebreNegre, BrouDePollastre, Farigola, Safra, All","Sofregir, Estofar, Rostir, Brasejar, Guissar, Reduir, Confitar, Bullir, Enfornar","Umami, Terrós, Herbaci, Salí"
Alain Ducasse,França,Francesa clàssica,"Mantega, Nata, ViBlanc, Foie, Llorer, CebaEnVinagre, Ceps, FarinaDeBlat, Vedella, Pastanaga","Brasejar, Reducció, Emulsionar, Enfornar, Caramel·litzar, Confitar, Glassejar, Sofregir, Desglasar, Bullir","Cremós, Terrós, Salí, Umami"
Anne-Sophie Pic,França,Francesa aromàtica i sensible,"Eneldo, Llimona, ViBlanc, BrouDePollastre, Mantega, Carxofes, FinesHerbes, Pera, SucDeTaronja, FormatgeFresc","Vapor, Emulsionar, Amanir, Estofar, Reduir, Infusionar, Blanquejar, Saltejar, Glassejar, Tallar en juliana","Fresc, Cítric, Herbaci, Suau"
Yannick Alléno,França,Francesa moderna basada en extraccions,"ViFino, Demi-glace, VinagreDeXeres, VedellaMelosa, Ceba, Pastanaga, Estrago, Mantega, All, BrouDeCarn","Reduir, Emulsionar, Brasejar, Bullir, Confitar, Desglasar, Reducció lenta, Cocció al buit, Baixa temperatura","Umami, Cítric, Fresc, All"
Eric Frechon,França,Parisenc clàssic modernitzat,"Cansalada, CebaVermella, Ceps, FormatgeRoquefort, Mantega, PebreNegre, ViBlanc, Pastanaga, Patata, Llorer","Brasejar, Enfornar, Gratinar, Reduir, Sofregir, Aromatitzar, Bullir, Sellar","Fumat, Torrat, Terrós, Intens"
Gennaro Esposito,Itàlia,Mediterrani italià tradicional,"Pasta, Tomaquet, OliDoliva, Alfabrega, FormatgeFresc, Gamba, Llimona, Orenga, PebreNegre, Ricotta (FormatgeCrema)","Saltejar, Bullir, Enfornar, Confitar, Amanir, Laminar, Tallar en brunoise, Reduir, Planxar","Dolç, Afruitat, Fresc, Cremós"
Giorgio Locatelli,Itàlia,Italià clàssic refinat,"Pasta, OliDoliva, Tomaquet, Alfabrega, FormatgeDeCabra, Llimona, PebreNegre, Rucula, Pinyons, All","Saltejar, Bullir, Enfornar, Brasejar, Amanir, Laminar, Tallar fi, Confitar, Reduir","Cremós, Fresc, Herbaci, Suau"
Enrico Crippa,Itàlia,Vegetal minimalista,"Enciam, Germinats, BrotsDamanida, Llimona, Julivert, Estrago, Safra, Fonoll, BrotsVerds, Pastanaga","Vapor, Amanir, Tallar en juliana, Laminar, Picar, Blanquejar, Marinar, Fermentació","Fresc, Cítric, Herbaci, Aquós"
Gordon Ramsay,Europa,Britànic-francès modern,"Vedella, ViNegre, Romaní, All, OliDoliva, Ceba, Pastanaga, Farigola, Mantega, Patata","Rostir, Brasejar, Reducció, Sellar, Enfornar, Fumat, Sofregir, Glassejar, Triturar","Salí, Umami, Marí, Torrat"
Clare Smyth,Europa,Britànic contemporani d’alta precisió,"Carxofes, Bou (Entrecot o Vedella), Mantega, ViBlanc, Ceba, Pastanaga, PebreNegre, Nata, EspàrrecsVerds, All","Sellar, Rostir, Emulsionar, Enfornar, Vapor, Reduir, Blanquejar, Aromatitzar, Confitar","Fresc, Dolç-suau, Herbaci, Suau"
Esben Holmboe Bang,Nòrdic,Nòrdic ecològic i purista,"Fumat, ColLlombarda, Broquil, Verdures, Llimona, Anet, LlavorsDeSesam, CebaEnVinagre, Fonoll, Pastanaga","Fumat, Fermentació, Estofar, Brasejar, Confitar, Cocció lenta, Blanquejar, Amanir, Encurtir","Amarg-suau, Fresc, Cítric, Herbaci"
Niklas Ekstedt,Nòrdic,Nòrdic al foc viu,"Fumat, Brasejar, Ceba, Patata, Anet, Sal, Mantega, OliDeGira-sol, Pastanaga, All","Brasejar, Fumat, Rostir, Sellar, Enfornar, Ahumar, Confitar, Deshidratar naturalment","Salí, Umami, Fumat, Intens"
Pía León,Perú,Peruà vegetal i biodiversitat,"Mango, Llima, Quinoa, SucDeTaronja, BrotsSilvestres, SucDeLlima, Menta, PeixBlanc, CebaVermella, LlavorsDeGirasol","Vapor, Saltejar, Amanir, Estofar, Marinar, Cocció àcida, Tallar fi, Wok, Reducció, Aromatitzar","Dolç, Afruitat, Àcid, Fresc"
Roberto Grau,Perú,Crioll peruà modern,"Llima, Coriandre, PebreVermell, Pollastre, CebaVermella, SucDeLlima, PebreNegre, All, XileSerrano, Tomàquet","Saltejar, Fregir, Estofar, Marinar, Reduir, Wok, Ahumar, Confitar, Bullir","Umami, Cítric, All, Fresc"
Grant Achatz,EstatsUnits,"Avantguarda conceptual, multisensorial","Agar-agar, Gelcrem, Gelespessa, Emulsionant, TintaDeCalamar, FruitsVermells, Xocolata, NouMoscada, Mango, SucDeTaronja","Gelificar, Fer escuma, Emulsionar, Reduir, Temperar, Deshidratar, Esferificació, Airejar, Texturitzar, Destil·lació aromàtica","Fumat, Afruitat, Fresc, Salí"
David Chang,Asiàtic,"Fusió asiàtica moderna, fermentats","SalsaDeSoja, Sake, Gingebre, Xile, BrotsDeCoriandre, LlavorsDeSesam, Cogombre, PastaRissino, SucDeLlima, Oporto","Saltejar, Fregir, Marinar, Fer fermentació, Emulsionar, Wok, Cocció àcida, Ahumar, Saltejat agressiu","Amarg-suau, Picant suau, Cítric, Sèsam"
Nobu Matsuhisa,Japó,Fusió japonesa-peruana,"SalsaDeSoja, Llima, Gingebre, SucDeLlima, Tonyina, SucDeTaronja, Sèsam (LlavorsDeSesam), Mirin, Cogombre, Alvocat","Marinar, Tallar en brunoise, Laminar, Saltejar, Reducció, Cocció àcida, Amanir, Aromatitzar, Blanquejar","Fresc, Cítric, Herbaci, Umami"
Yoshihiro Narisawa,Japó,“Forest cuisine” japonesa,"EnciamDeMar, Fumat, CebaEnVinagre, Anet, Fonoll, LlimaKafir, FullesDeLlimaKafir, Bolets, All, BrossesSilvestres (BrotsSilvestres)","Vapor, Fumat, Fermentació, Estofar, Amanir, Blanquejar, Deshidratar, Confitar, Ahumar","Umami, Cítric, Fresc, All"
Thitid Tassanakajohn,Tailàndia,Tailàndia,"PastaDeCurriVermell, Llima, SucDeLlima, XileSerrano, Citronella, Coriandre, LletDeCoco, Taronja, PebreVermellPicant, All","Saltejar, Marinar, Fregir, Tallar en juliana, Estofar, Wok, Cocció àcida, Fermentació, Aromatitzar","Cítric, Picant, Fresc, Umami"