Cultura,Ingredients-tipics,Sabors-predominants,Combinacions-habituals,Tecniques-tipiques
Asiàtic,"soja, tamari, miso, gingebre, all, llima, coriandre, xili, sèsam, oli de sèsam, galanga, citronel·la, coco, noodles d'arròs, kimchi, tofu, bok choy, peix sec, alga kombu","umami potent, picant aromàtic, dolç-salat, àcid fresc, fermentat, fumat lleu","soja + gingebre + all, coco + chili + llima, sèsam + soja + mirin, citronel·la + galanga, tofu + soja + sèsam, kimchi + arròs, noodles + tamarind, chili + cacauet + llima, alga + peix sec, arròs + vinagre + sucre","wok, stir-fry, vapor, fermentació, tempura, brasejat, marinat, escabetx asiàtic, planxa teppanyaki, curri, ramen boiling"
Catalunya,"sofregit, tomàquet, ceba, all, oli, bacallà, bolets, pinyons, panses, mongetes, cigrons, espinacs, botifarra, romesco, escalivada, fumet, herbes mediterrànies","salat suau, umami vegetal, torrats, fumat lleu, vinagre lleu, notes d’herba seca","sofregit + fumet, picada (ametlla + all + julivert) + rostit, bacallà + panses + pinyons, botifarra + mongetes, bolets + all + julivert, romesco + verdures rostides, escalivada + anxova, all + oli + peix blanc, cigrons + espinacs + pinyons, patata + allioli","brasa, rostit, confitat, escabetx català, sofregit llarg, cocció lenta, fregit tradicional, cocció en forn de llenya"
Espanya,"pernil ibèric, oli d’oliva, tomàquet, pebrot, ceba, all, pebre vermell, safrà, mongetes, arròs, marisc, bacallà, xoriço, patata, vinagre","salat, fumat, dolç suau, especiat, umami marí
","tomàquet + oli + all, pebre vermell + porc, safrà + arròs + fumet, patata + ou + ceba, vinagre + peix (escabetx), marisc + all, pernil + pa + tomàquet, xoriço + mongetes, sofregit (ceba + pebrot + tomàquet), peix blanc + fumet","estofats, paella, brasa, planxa, escabetx, fregit, rostits, guisat"
EstatsUnits,"carn bovina, porc, gall dindi, blat de moro, formatge, mantega, nata, salsa BBQ, bacon, patates, cacauets, melassa, salsa ranch","fumat, dolç-salat, greixós, especiat suau, picant moderat","BBQ + porc, formatge + bacon, buttermilk + pollastre, mel + mostassa, carn + rub d’espècies, cranc + mantega + llimona, patata + mantega + crema agra, carn picada + salsa de tomàquet, jalapeño + formatge, panet + hamburguesa + formatge","BBQ, grill, fregit, forn, fumats, slow-cooking, brining, roasting"
Europa,"mantega, crema, patata, col, formatges curats, herbes, carn de caça, bolets, cereals, pa negre","cremós, mantegós, fumat, umami suau, àcid de lactis
","mantega + crema + bolets, patata + mantega, porc + col, carn + farigola + romaní, nata + vi blanc, brou + roux, formatge + pa negre, ceba + mantega + vinagre, caça + fruits vermells, patata + salsitxa","rostits, forns llargs, estofats, confitats, salses reduïdes, fermentació lacto, brasejat"
França,"mantega, nata, bolets, vi blanc, porros, herbes de Provença, formatge brie, foie, carn de caça, conill","mantegós, aromàtic, fons profunds, reduccions, vins","mantega + vi blanc, nata + bolets, roux + fons, estragó + pollastre, porro + patata, carn + vi negre (bourguignon), formatge + pa torrat, foie + fruita, mostassa antiga + vedella, ceba + caramel·lització lenta","confitat, sauté, flambé, reducció, fons i salses clàssiques, papillote, poêlé"
Internacional,"soja, coco, menta, llima, tomàquet, gingebre, formatges, espècies, quinoa, pasta, alvocat, mango
","dolç-àcid-salat equilibrat, aromàtic, contrastos","soja + mel + mostassa, coco + llima + xili, tomàquet + gingebre, curry + iogurt, alvocat + mango + llima, chili + xocolata negra, cúrcuma + llet de coco, sèsam + cilantre, peix + salsa cítrica, pasta + espècies asiàtiques
","fusió de wok + forn, marinats mixtos, emulsions creativitzades, fumats tous, curri occidentalitzat"
Itàlia,"tomàquet, alfàbrega, mozzarella, formatge, ricotta, oli, all, pasta, risotto, fong porcini","dolç-àcid, herbaci, umami lacti, torrats suaus","tomàquet + alfàbrega, formatge + mantega, oli + all + xili, ricotta + espinacs, mozzarella + tomàquet, bolets + formatge, ragu + vi negre, llimona + peix + oli, prosciutto + meló, burrata + rúcula","sofregit, estofats, forn, pasta fresca, risotto, saltare"
Japó,"dashi, miso, soja, kombu, katsuobushi, arròs, wasabi, sèsam, mirin, sake, peix cru
","umami, salí suau, dolç subtil, àcid lleu, fermentats","soja + mirin + sake, dashi + miso, arròs + vinagre, nori + arròs, peix cru + wasabi, tempura + sal marina, sèsam + ponzu, yakitori + tare, tofu + gingebre, alga + sèsam","sushi, sashimi, vapor, tempura, grill robata, fermentació, marinat, simmering suau"
Mediterrani,"oli, tomàquet, cítrics, olives, peix, llegums, herbes, albergínia, pebre, feta","fresc, herbaci, cítric, lleuger, umami vegetal","oli + llimona + herbes, tomàquet + feta + orenga, cigrons + tahina + llimona, peix + oli + all, cuscús + verdures, albergínia + tahina, tomàquet + menta, llentia + comí, ceba + coriandre, oli + vinagre + orenga","brasa, forn, estofats lleugers, escabetx, marinats cítrics, salmorra"
Mèxic,"xili, blat de moro, tomàquet, tomatillo, alvocat, coriandre, ceba morada, mongeta negra, pollastre, porc","picant, àcid, fumat, umami vegetal","xili + llima, tomàquet + ceba + coriandre, alvocat + llima + ceba tendra, xile chipotle + tomàquet, porc + achiote, xocolata + espècies (mole), mongeta negra + arròs, formatge + jalapeño, tortilla + carn + ceba, tomatillo + xili","rostir, molcajete, fregit, estofat amb espècies, marinat amb cítrics, grills ràpids"
Nòrdic,"baies, arrels, peix cru o fumat, mantega, herbes, fermentats, patata, raves","àcid, fumat, salí suau, vegetal cru, amarg lleu","peix fumat + anet, patata + mantega, fermentats + vegetals crus, arrels + mantega noisette, baies + crema agra, salmó + mostassa + anet, vinagre + herbes, ceba + arengada, ordi + carn blanca, poma + porc","fermentació, escabetx, fumat, curat, coccions suaus, brasejat lleu"
Perú,"llima, ají groc, ají panca, coriandre, choclo, moniato, ceba morada, peix blanc, pollastre","àcid intens, picant aromàtic, fresc, umami cítric","llima + ají, peix blanc + ceba morada, choclo + coriandre, ají + llet evaporada, moniato + llima, pollastre + ají panca, coriandre + llima, arròs + marisc + ají, ceviche + coriandre, rocoto + carn","cocció àcida, brasa, saltejat, guisats amb ají, fons peruans"
Tailàndia,"llet de coco, chili, gingebre, citronel·la, llima kaffir, tamarind, salsa de peix, all, alfàbrega tailandesa","dolç-àcid-picant, aromàtic, herbes fresques, umami marí","coco + xili, tamarind + sucre de palma, gingebre + citronel·la, salsa de peix + llima, alfàbrega tailandesa + pollastre, llima kaffir + curri, all + xili + sucre, tofu + cacauets + llima, arròs + mango, xili + tamarind + salsa de peix","wok ràpid, vapors, curris, morter (pastes), marinat, grills curts, saltejats"
Xina,"soja, gingebre, ceba tendra, vinagre d’arròs, sèsam, pebre Sichuan, salsa d’ostres, tofu, noodles, arròs","umami, dolç-salat, picant Sichuan, fumat, fermentat lleu","soja + vinagre d’arròs, pebre de Sichuan + gingebre, all + salsa d’ostres, soja + sucre, tofu + sèsam, arròs fregit + ous, noodles + soja + sèsam, vinagre + xili, albergínia + salsa d’ostres, carn + hoisin","wok, vapor bambú, estofats forts, fregits ràpids, lacats, fumats xinesos, marinat amb espècies"