Nom-plat,Complexitat,Ingredients-4p,Sabor,Tecniques,Origen-plat,Preu-plat,Temperatura,Temporada,Tipus-plat,Tipus-public,Estil-plat,Menu
Tataki de filet ibèric amb fideus d’arròs (estil Carme Ruscalleda),Mitjana,"640 g FiletIberic, 320 g SalsaDeSoja, 140 g VinagreDarros, 4 unitat Llima, 80 g OliDeSesam, 40 g BrotsDeSoja, 48 g Cacauets, 160 g FideusDarros","Umami, Torrat, Marinant, Fresc","Marinar, Sellar, TallarEnJuliana",Japó,14,Fred,Estiu,Entrant,AdultsNens,Modern,MenuAdaptat1
Broqueta de daus de tonyina i meló amb pernil,Mitjana,"48 g PernilIberic, 120 g Tonyina, 88 g Melo, 20 g Germinats, 20 g OliDeSesam, 5 g VinagreDarros, 2 g Sal","Fresc, Afruitat, Sali, Umami","Marinar, TallarEnDaus, Amanir",Espanya,13,Fred,Estiu,Entrant,AdultsNens,Modern,MenuAdaptat1
Carpaccio d’albergínia escalivada amb llimona,Mitjana,"300 g Alberginia, 20 ml OliDoliva, 1 unitat Llimona, 2 g Sal, 1 g PebreNegre","Fumat, Citric, Terros, Suau","Laminar, Amanir, TallarEnBrunoise",Mediterrani,11,Fred,Estiu,Entrant,AdultsNens,Modern,MenuAdaptat1
Arròs sec al forn de presa ibèrica amb foie,Mitjana,"480 g PresaIberica, 400 g Arros, 40 g All, 12 g PebreVermellDolc, 840 g BrouDePorc, 120 g Tomaquet, 60 g Foie, 8 g Cebolli, 8 g Sal, 8 unitat BrinsDeSafra","Umami, Torrat, Calid, Sali","Sofregir, Enfornar, Reduccio",Espanya,14,Calent,Estiu,Principal,AdultsNens,Modern,MenuAdaptat1
Presa de vedella amb tabule de remolatxa i cebollí,Mitjana,"600 g Vedella, 200 g Ou, 1 remolatxa Cuita, 100 g FormatgeFeta, 16 unitat Tomaquet, 0.5 unitat Cogombre, 6 g Cebolli, 10 g OliDoliva, 2 g Sal, 10 ml VinagreDePoma","Umami, Terros, Fresc, Sali","Sellar, TallarEnJuliana, Amanir",Espanya,17,Fred,Estiu,Segon,AdultsNens,Modern,MenuAdaptat1
Gelat de sèsam negre i gingebre,Mitjana,"400 g CremaDeCoco, 40 ml LletVegetal, 60 g PastaDeSesamNegre, 50 ml XaropDauro, 5 ml Vainilla, 1 g Gingebre, 1 g Sal","Cremos, Sesam, Calid, Torrat","Gelificar, Triturar, Emulsionar",Asiàtic,12,Fred,Estiu,Postre,AdultsNens,Modern,MenuAdaptat1
Tataki de filet ibèric amb fideus d’arròs,Mitjana,"640 g FiletIberic, 320 g SalsaDeSoja, 140 g VinagreDarros, 4 unitat Llima, 80 g OliDeSesam, 40 g BrotsDeSoja, 48 g Cacauets, 160 g FideusDarros","Umami, Torrat, Marinant, Fresc","Marinar, Sellar, TallarEnJuliana",Japó,14,Fred,Estiu,Entrant,AdultsNens,Modern,MenuAdaptat7
Dumpling de llom ibèric amb salsa teriyaki (substitut),Mitjana,"4900 g LlomIberic, 280 g Bolets, 40 g OliDeGira-sol, 20 g OliDeSesam, 1.6 g All, 2 g Gingebre, 140 g Ceba, 200 g MassaDeDumpling, 80 g BrouDePorc, 3.2 g Sal, 200 g SalsaTeriyaki, 0.32 g RatlladuraDeLlima","Umami, Dolc-salat, EspeciatSuau, Cremos","Saltejar, Vapor, TallarEnBrunoise",Xina,12,Calent,Estiu,Entrant,AdultsNens,Modern,MenuAdaptat7
Carpaccio d’albergínia escalivada amb llimona,Mitjana,"300 g Alberginia, 20 ml OliDoliva, 1 unitat Llimona, 2 g Sal, 1 g PebreNegre","Fumat, Citric, Terros, Suau","Laminar, Amanir, TallarEnBrunoise",Mediterrani,11,Fred,Estiu,Entrant,AdultsNens,Modern,MenuAdaptat7
Arròs sec al forn de presa ibèrica amb foie,Mitjana,"480 g PresaIberica, 400 g Arros, 40 g All, 12 g PebreVermellDolc, 840 g BrouDePorc, 120 g Tomaquet, 60 g Foie, 8 g Cebolli, 8 g Sal, 8 unitat BrinsDeSafra","Umami, Torrat, Calid, Sali","Sofregir, Enfornar, Reduccio",Espanya,14,Calent,Estiu,Principal,AdultsNens,Modern,MenuAdaptat7
Presa de vedella amb tabule de remolatxa i cebollí,Mitjana,"600 g Vedella, 200 g Ou, 1 remolatxa Cuita, 100 g FormatgeFeta, 16 unitat Tomaquet, 0.5 unitat Cogombre, 6 g Cebolli, 10 g OliDoliva, 2 g Sal, 10 ml VinagreDePoma","Umami, Terros, Fresc, Sali","Sellar, TallarEnJuliana, Amanir",Espanya,17,Fred,Estiu,Segon,AdultsNens,Modern,MenuAdaptat7
Gelat de sèsam negre i gingebre,Mitjana,"400 g CremaDeCoco, 40 ml LletVegetal, 60 g PastaDeSesamNegre, 50 ml XaropDauro, 5 ml Vainilla, 1 g Gingebre, 1 g Sal","Cremos, Sesam, Calid, Torrat","Gelificar, Triturar, Emulsionar",Asiàtic,12,Fred,Estiu,Postre,AdultsNens,Modern,MenuAdaptat7
Croqueta líquida de canya de presa de gla ibèrica Alta Expresión,Mitjana,"200 g PresaIberica, 60 g Ceba, 100 g LletSencera, 80 g Farina, 80 g Mantega, 6 unitat Gelatina, 250 g Pa, 1000 g OliDoliva, 2 unitat Ou","Creixent, Cremos, Umami, Sali","Fregir, Emulsionar, TallarEnBrunoise",Espanya,8,Calent,Anual,Entrant,AdultsNens,Classic,MenuAdaptat13
Bunyols de bacallà amb pinyons,Mitjana,"240 g Bacalla, 80 g FarinaDeBlat, 1 unitat Ou, 60 g Pinyons, 40 g Ceba, 10 g Julivert, 4 g LlevatQuimic, 120 g Oli, 2 g Sal, 1 g PebreNegre","Umami, Torrat, Sali, Herbaci","Fregir, Triturar, Amanir",Espanya,14,Tebi,Anual,Entrant,AdultsNens,Classic,MenuAdaptat13
Pebrot escalivat amb oli i llimona,Mitjana,"240 g Pebrot, 20 ml OliDoliva, 1 unitat Llimona, 2 g Sal","Fumat, Citric, Dolc-suau, Fresc","Enfornar, TallarEnJuliana, Amanir",Catalunya,9,Calent,Anual,Entrant,AdultsNens,Classic,MenuAdaptat13
Espaguetis de carbassó amb pesto d’alvocat (estil Ferran Adrià),Mitjana,"400 g Carbasso, 1 unitat Alvocat, 40 g Festucs, 10 g Alfabrega, 10 g Parmesa, 40 ml OliDoliva, 1 unitat Llimona, 2 g Sal","Fresc, Herbaci, Cremos, Citric","Laminar, Triturar, Amanir",Itàlia,14,Fred,Anual,Principal,AdultsNens,Classic,MenuAdaptat13
Llom ibèric filetejat amb cremós all rostit,Mitjana,"825 g LlomIberic, 4 caps All, 180 g Mantega, 30 ml ViBlanc, 25 g SucreMore, 100 g BrotsDamanida, 2 g Sal, 10 ml VinagreDePoma, 10 g OliDoliva","Umami, Torrat, Dolc-suau, Cremos","Sellar, Rostir, Triturar",Espanya,17,Calent,Anual,Segon,AdultsNens,Classic,MenuAdaptat13
Rajola de xocolata negra amb ashwagandha i gingebre,Mitjana,"100 g Xocolata, 1 g Ashwagandha, 16 g Gingebre, 10 ml OliDeCoco, 15 g Ametlla, 1 g Sal","Cacau, Calid, PicantSuau, FruitsSecs","Temeprar, Emulsionar, TallarEnBrunoise",França,6,Fred,Anual,Postre,AdultsNens,Classic,MenuAdaptat13
Croqueta líquida de canya de presa de gla ibèrica Alta Expresión,Mitjana,"200 g PresaIberica, 60 g Ceba, 100 g LletSencera, 80 g Farina, 80 g Mantega, 6 unitat Gelatina, 250 g Pa, 1000 g OliDoliva, 2 unitat Ou","Creixent, Cremos, Umami, Sali","Fregir, Emulsionar, TallarEnBrunoise",Espanya,8,Calent,Anual,Entrant,AdultsNens,Classic,MenuAdaptat19
Bunyols de bacallà amb pinyons,Mitjana,"240 g Bacalla, 80 g FarinaDeBlat, 1 unitat Ou, 60 g Pinyons, 40 g Ceba, 10 g Julivert, 4 g LlevatQuimic, 120 g Oli, 2 g Sal, 1 g PebreNegre","Umami, Torrat, Sali, Herbaci","Fregir, Triturar, Amanir",Espanya,14,Tebi,Anual,Entrant,AdultsNens,Classic,MenuAdaptat19
Pebrot escalivat amb oli i llimona,Mitjana,"240 g Pebrot, 20 ml OliDoliva, 1 unitat Llimona, 2 g Sal","Fumat, Citric, Dolc-suau, Fresc","Enfornar, TallarEnJuliana, Amanir",Catalunya,9,Calent,Anual,Entrant,AdultsNens,Classic,MenuAdaptat19
Espaguetis de carbassó amb pesto d’alvocat (estil Ángel León),Mitjana,"400.0 g Carbasso, 1.0 unitat Alvocat, 40.0 g Festucs, 10.0 g Alfabrega, 10.0 g Parmesa, 40.0 ml OliDoliva, 1.0 unitat Llimona, 2.0 g Sal, Gamba","Fresc, Herbaci, Cremos, Citric, Mari, Umami, Sali, Intens, Suau, Acid, Terros, Torrat, Dolc","Laminar, FerEscuma, Amanir, Brasejar, Reduir, Deshidratar",,14,Fred,Anual,Principal,AdultsNens,Classic,MenuAdaptat19
Llom ibèric filetejat amb cremós all rostit,Mitjana,"825 g LlomIberic, 4 caps All, 180 g Mantega, 30 ml ViBlanc, 25 g SucreMore, 100 g BrotsDamanida, 2 g Sal, 10 ml VinagreDePoma, 10 g OliDoliva","Umami, Torrat, Dolc-suau, Cremos","Sellar, Rostir, Triturar",Espanya,17,Calent,Anual,Segon,AdultsNens,Classic,MenuAdaptat19
Rajola de xocolata negra amb ashwagandha i gingebre,Mitjana,"100 g Xocolata, 1 g Ashwagandha, 16 g Gingebre, 10 ml OliDeCoco, 15 g Ametlla, 1 g Sal","Cacau, Calid, PicantSuau, FruitsSecs","Temeprar, Emulsionar, TallarEnBrunoise",França,6,Fred,Anual,Postre,AdultsNens,Classic,MenuAdaptat19
Entrepà del revés de paleta de gla 100% ibèrica (estil Giorgio Locatelli),Mitjana,"540.0 g Farina, 345.0 g Llet, 17.0 g LlevatFresc, 8.0 g Sal, 40.0 g PaletaIberica","Sali, Umami, Torrat, Intens, Cremos, Fresc, Herbaci, Suau, Amarg-suau, Acid, Citric, Dolc-suau, Aquos","Enfornar, Amanir, TallarFi, Confitar, Laminar, Saltejar, Bullir",Espanya,7,Calent,Anual,Entrant,AdultsNens,Modern,MenuAdaptat25
Musclos a la marinera,Mitjana,"600 g Musclos, 1 unitat Llimona, 50 ml ViBlanc, 2 g Sal, 1 g PebreNegre, 10 g Julivert","Mari, Citric, Umami, Herbaci","Sofregir, Guissar, Reduccio",Espanya,14,Calent,Anual,Entrant,AdultsNens,Modern,MenuAdaptat25
Bacallà fumat amb crema d’alvocat i cruixent de blat,Mitjana,"240 g Bacalla, 120 g Alvocat, 40 ml OliDoliva, 20 g Pa, 1 unitat Llima, 2 g Sal","Fumat, Cremos, Citric, Umami","Fumat, Triturar, Amanir",Mediterrani,18,Fred,Anual,Entrant,AdultsNens,Modern,MenuAdaptat25
Sopa cremosa de blat de moro,Mitjana,"400 g BlatDeMoroDolc, 80 g Ceba, 120 g Cigrons, 300 ml BrouDeVerdures, 100 ml LletDeCoco, 10 ml OliDoliva, 2 g Sal, 1 g PebreNegre","Dolc, Cremos, Suau, Herbaci","Bullir, Triturar, Reduccio, Amanir",Mediterrani,10,Calent,Anual,Principal,AdultsNens,Modern,MenuAdaptat25
Cuixa de xai al buit amb salmorejo canari,Mitjana,"2400 g Xai, 4.4 g Sal, 20 g All, 4 g PebreVermellDolc, 1.6 g Comi, 400 g OliDoliva, 100 g VinagreDeViBlanc, 2 fulles Llorer, 2.4 g Orenga, 2.4 g Farigola, 1.2 g PebreNegre, 150 g Ceba","Umami, Calid, Acid, Especiat","BaixaTemperatura, Sofregir, Amanir",Espanya,22,Calent,Anual,Segon,AdultsNens,Modern,MenuAdaptat25
Brotxeta de fruita fresca,Mitjana,"600 g Fruita, 20 g SucDeLlimona, 10 g Mel, 2 g Menta","Fresc, Afruitat, Citric, Dolc-suau","Laminar, TallarEnDaus, Amanir",Espanya,12,Calent,Anual,Postre,AdultsNens,Modern,MenuAdaptat25
Croqueta líquida de canya de presa de gla ibèrica Alta Expresión (sense Gluten),Mitjana,"200 g PresaIberica, 60 g Ceba, 100 g LletSencera, 80 g Farina, 80 g Mantega, 6 unitat Gelatina, 250 g Pa, 1000 g OliDoliva, 2 unitat Ou","Creixent, Cremos, Umami, Sali","Fregir, Emulsionar, TallarEnBrunoise",Espanya,8,Calent,Anual,Entrant,AdultsNens,Classic,MenuAdaptat31
Bunyols de bacallà amb pinyons,Mitjana,"240 g Bacalla, 80 g FarinaDeBlat, 1 unitat Ou, 60 g Pinyons, 40 g Ceba, 10 g Julivert, 4 g LlevatQuimic, 120 g Oli, 2 g Sal, 1 g PebreNegre","Umami, Torrat, Sali, Herbaci","Fregir, Triturar, Amanir",Espanya,14,Tebi,Anual,Entrant,AdultsNens,Classic,MenuAdaptat31
Pebrot escalivat amb oli i llimona,Mitjana,"240 g Pebrot, 20 ml OliDoliva, 1 unitat Llimona, 2 g Sal","Fumat, Citric, Dolc-suau, Fresc","Enfornar, TallarEnJuliana, Amanir",Catalunya,9,Calent,Anual,Entrant,AdultsNens,Classic,MenuAdaptat31
Espaguetis de carbassó amb pesto d’alvocat,Mitjana,"400 g Carbasso, 1 unitat Alvocat, 40 g Festucs, 10 g Alfabrega, 10 g Parmesa, 40 ml OliDoliva, 1 unitat Llimona, 2 g Sal","Fresc, Herbaci, Cremos, Citric","Laminar, Triturar, Amanir",Itàlia,14,Fred,Anual,Principal,AdultsNens,Classic,MenuAdaptat31
Llom ibèric filetejat amb cremós all rostit,Mitjana,"825 g LlomIberic, 4 caps All, 180 g Mantega, 30 ml ViBlanc, 25 g SucreMore, 100 g BrotsDamanida, 2 g Sal, 10 ml VinagreDePoma, 10 g OliDoliva","Umami, Torrat, Dolc-suau, Cremos","Sellar, Rostir, Triturar",Espanya,17,Calent,Anual,Segon,AdultsNens,Classic,MenuAdaptat31
Rajola de xocolata negra amb ashwagandha i gingebre,Mitjana,"100 g Xocolata, 1 g Ashwagandha, 16 g Gingebre, 10 ml OliDeCoco, 15 g Ametlla, 1 g Sal","Cacau, Calid, PicantSuau, FruitsSecs","Temeprar, Emulsionar, TallarEnBrunoise",França,6,Fred,Anual,Postre,AdultsNens,Classic,MenuAdaptat31
Croqueta líquida de canya de presa de gla ibèrica Alta Expresión (sense Gluten),Mitjana,"200 g PresaIberica, 60 g Ceba, 100 g LletSencera, 80 g Farina, 80 g Mantega, 6 unitat Gelatina, 250 g Pa, 1000 g OliDoliva, 2 unitat Ou","Creixent, Cremos, Umami, Sali","Fregir, Emulsionar, TallarEnBrunoise",Espanya,8,Calent,Anual,Entrant,AdultsNens,Classic,MenuAdaptat37
Bunyols de bacallà amb pinyons,Mitjana,"240 g Bacalla, 80 g FarinaDeBlat, 1 unitat Ou, 60 g Pinyons, 40 g Ceba, 10 g Julivert, 4 g LlevatQuimic, 120 g Oli, 2 g Sal, 1 g PebreNegre","Umami, Torrat, Sali, Herbaci","Fregir, Triturar, Amanir",Espanya,14,Tebi,Anual,Entrant,AdultsNens,Classic,MenuAdaptat37
Pebrot escalivat amb oli i llimona,Mitjana,"240 g Pebrot, 20 ml OliDoliva, 1 unitat Llimona, 2 g Sal","Fumat, Citric, Dolc-suau, Fresc","Enfornar, TallarEnJuliana, Amanir",Catalunya,9,Calent,Anual,Entrant,AdultsNens,Classic,MenuAdaptat37
Espaguetis de carbassó amb pesto d’alvocat,Mitjana,"400 g Carbasso, 1 unitat Alvocat, 40 g Festucs, 10 g Alfabrega, 10 g Parmesa, 40 ml OliDoliva, 1 unitat Llimona, 2 g Sal","Fresc, Herbaci, Cremos, Citric","Laminar, Triturar, Amanir",Itàlia,14,Fred,Anual,Principal,AdultsNens,Classic,MenuAdaptat37
Llom ibèric filetejat amb cremós all rostit,Mitjana,"825 g LlomIberic, 4 caps All, 180 g Mantega, 30 ml ViBlanc, 25 g SucreMore, 100 g BrotsDamanida, 2 g Sal, 10 ml VinagreDePoma, 10 g OliDoliva","Umami, Torrat, Dolc-suau, Cremos","Sellar, Rostir, Triturar",Espanya,17,Calent,Anual,Segon,AdultsNens,Classic,MenuAdaptat37
Rajola de xocolata negra amb ashwagandha i gingebre,Mitjana,"100 g Xocolata, 1 g Ashwagandha, 16 g Gingebre, 10 ml OliDeCoco, 15 g Ametlla, 1 g Sal","Cacau, Calid, PicantSuau, FruitsSecs","Temeprar, Emulsionar, TallarEnBrunoise",França,6,Fred,Anual,Postre,AdultsNens,Classic,MenuAdaptat37
Croqueta líquida de canya de presa de gla ibèrica Alta Expresión,Mitjana,"200 g PresaIberica, 60 g Ceba, 100 g LletSencera, 80 g Farina, 80 g Mantega, 6 unitat Gelatina, 250 g Pa, 1000 g OliDoliva, 2 unitat Ou","Creixent, Cremos, Umami, Sali","Fregir, Emulsionar, TallarEnBrunoise",Espanya,8,Calent,Anual,Entrant,AdultsNens,Classic,MenuAdaptat43
Bunyols de bacallà amb pinyons (sense Fruitssecs),Mitjana,"240 g Bacalla, 80 g FarinaDeBlat, 1 unitat Ou, 60 g Pinyons, 40 g Ceba, 10 g Julivert, 4 g LlevatQuimic, 120 g Oli, 2 g Sal, 1 g PebreNegre","Umami, Torrat, Sali, Herbaci","Fregir, Triturar, Amanir",Espanya,14,Tebi,Anual,Entrant,AdultsNens,Classic,MenuAdaptat43
Pebrot escalivat amb oli i llimona,Mitjana,"240 g Pebrot, 20 ml OliDoliva, 1 unitat Llimona, 2 g Sal","Fumat, Citric, Dolc-suau, Fresc","Enfornar, TallarEnJuliana, Amanir",Catalunya,9,Calent,Anual,Entrant,AdultsNens,Classic,MenuAdaptat43
Espaguetis de carbassó amb pesto d’alvocat,Mitjana,"400 g Carbasso, 1 unitat Alvocat, 40 g Festucs, 10 g Alfabrega, 10 g Parmesa, 40 ml OliDoliva, 1 unitat Llimona, 2 g Sal","Fresc, Herbaci, Cremos, Citric","Laminar, Triturar, Amanir",Itàlia,14,Fred,Anual,Principal,AdultsNens,Classic,MenuAdaptat43
Llom ibèric filetejat amb cremós all rostit,Mitjana,"825 g LlomIberic, 4 caps All, 180 g Mantega, 30 ml ViBlanc, 25 g SucreMore, 100 g BrotsDamanida, 2 g Sal, 10 ml VinagreDePoma, 10 g OliDoliva","Umami, Torrat, Dolc-suau, Cremos","Sellar, Rostir, Triturar",Espanya,17,Calent,Anual,Segon,AdultsNens,Classic,MenuAdaptat43
Rajola de xocolata negra amb ashwagandha i gingebre,Mitjana,"100 g Xocolata, 1 g Ashwagandha, 16 g Gingebre, 10 ml OliDeCoco, 15 g Ametlla, 1 g Sal","Cacau, Calid, PicantSuau, FruitsSecs","Temeprar, Emulsionar, TallarEnBrunoise",França,6,Fred,Anual,Postre,AdultsNens,Classic,MenuAdaptat43
Entrepà del revés de paleta de gla 100% ibèrica (estil Gennaro Esposito),Mitjana,"540.0 g Farina, 345.0 g Llet, 17.0 g LlevatFresc, 8.0 g Sal, 40.0 g PaletaIberica","Sali, Umami, Torrat, Intens, Dolc, Afruitat, Fresc, Cremos, Amarg-suau, Acid, Herbaci, Citric, Suau, Dolc-suau","Enfornar, Amanir, TallarEnBrunoise, Reduir, Laminar, Saltejar, Confitar",Espanya,7,Calent,Anual,Entrant,AdultsNens,Modern,MenuAdaptat49
Musclos a la marinera,Mitjana,"600 g Musclos, 1 unitat Llimona, 50 ml ViBlanc, 2 g Sal, 1 g PebreNegre, 10 g Julivert","Mari, Citric, Umami, Herbaci","Sofregir, Guissar, Reduccio",Espanya,14,Calent,Anual,Entrant,AdultsNens,Modern,MenuAdaptat49
Bacallà fumat amb crema d’alvocat i cruixent de blat,Mitjana,"240 g Bacalla, 120 g Alvocat, 40 ml OliDoliva, 20 g Pa, 1 unitat Llima, 2 g Sal","Fumat, Cremos, Citric, Umami","Fumat, Triturar, Amanir",Mediterrani,18,Fred,Anual,Entrant,AdultsNens,Modern,MenuAdaptat49
Sopa cremosa de blat de moro,Mitjana,"400 g BlatDeMoroDolc, 80 g Ceba, 120 g Cigrons, 300 ml BrouDeVerdures, 100 ml LletDeCoco, 10 ml OliDoliva, 2 g Sal, 1 g PebreNegre","Dolc, Cremos, Suau, Herbaci","Bullir, Triturar, Reduccio, Amanir",Mediterrani,10,Calent,Anual,Principal,AdultsNens,Modern,MenuAdaptat49
Cuixa de xai al buit amb salmorejo canari (estil Ángel León),Mitjana,"2400.0 g Xai, 4.4 g Sal, 20.0 g All, 4.0 g PebreVermellDolc, 1.6 g Comi, 400.0 g OliDoliva, 100.0 g VinagreDeViBlanc, 2.0 fulles Llorer, 2.4 g Orenga, 2.4 g Farigola, 1.2 g PebreNegre, 150.0 g Ceba, Gamba","Umami, Calid, Acid, Especiat, Mari, Sali, Intens, Cremos, Dolc-suau, Suau, Torrat, Fresc, Herbaci, Citric, Terros, Dolc","Confitar, Sofregir, Amanir, Brasejar, Reduir, Deshidratar",Espanya,22,Calent,Anual,Segon,AdultsNens,Modern,MenuAdaptat49
Brotxeta de fruita fresca,Mitjana,"600 g Fruita, 20 g SucDeLlimona, 10 g Mel, 2 g Menta","Fresc, Afruitat, Citric, Dolc-suau","Laminar, TallarEnDaus, Amanir",Espanya,12,Calent,Anual,Postre,AdultsNens,Modern,MenuAdaptat49
Entrepà del revés de paleta de gla 100% ibèrica,Mitjana,"540 g Farina, 345 g Llet, 17 g LlevatFresc, 8 g Sal, 40 g PaletaIberica","Sali, Umami, Torrat, Intens","Enfornar, Amanir, TallarEnBrunoise",Espanya,7,Calent,Anual,Entrant,AdultsNens,Modern,MenuAdaptat50
Croqueta líquida de canya de presa de gla ibèrica Alta Expresión (substitut),Mitjana,"200 g PresaIberica, 60 g Ceba, 100 g LletSencera, 80 g Farina, 80 g Mantega, 6 unitat Gelatina, 250 g Pa, 1000 g OliDoliva, 2 unitat Ou","Creixent, Cremos, Umami, Sali","Fregir, Emulsionar, TallarEnBrunoise",Espanya,8,Calent,Anual,Entrant,AdultsNens,Modern,MenuAdaptat50
Bacallà fumat amb crema d’alvocat i cruixent de blat,Mitjana,"240 g Bacalla, 120 g Alvocat, 40 ml OliDoliva, 20 g Pa, 1 unitat Llima, 2 g Sal","Fumat, Cremos, Citric, Umami","Fumat, Triturar, Amanir",Mediterrani,18,Fred,Anual,Entrant,AdultsNens,Modern,MenuAdaptat50
Arròs sec al forn de presa ibèrica amb foie (substitut),Mitjana,"480 g PresaIberica, 400 g Arros, 40 g All, 12 g PebreVermellDolc, 840 g BrouDePorc, 120 g Tomaquet, 60 g Foie, 8 g Cebolli, 8 g Sal, 8 unitat BrinsDeSafra","Umami, Torrat, Calid, Sali","Sofregir, Enfornar, Reduccio",Espanya,14,Calent,Anual,Principal,AdultsNens,Modern,MenuAdaptat50
Cuixa de xai al buit amb salmorejo canari,Mitjana,"2400 g Xai, 4.4 g Sal, 20 g All, 4 g PebreVermellDolc, 1.6 g Comi, 400 g OliDoliva, 100 g VinagreDeViBlanc, 2 fulles Llorer, 2.4 g Orenga, 2.4 g Farigola, 1.2 g PebreNegre, 150 g Ceba","Umami, Calid, Acid, Especiat","BaixaTemperatura, Sofregir, Amanir",Espanya,22,Calent,Anual,Segon,AdultsNens,Modern,MenuAdaptat50
Brotxeta de fruita fresca,Mitjana,"600 g Fruita, 20 g SucDeLlimona, 10 g Mel, 2 g Menta","Fresc, Afruitat, Citric, Dolc-suau","Laminar, TallarEnDaus, Amanir",Espanya,12,Calent,Anual,Postre,AdultsNens,Modern,MenuAdaptat50
Porros gratinats amb pernil i formatge,Baixa,"8 unitat Porro, 8 unitat PernilDolc, 500 ml Beixamel, 80 g Formatge","Cremos, Torrat, Sali, Umami","Gratinar, Bullir, TallarEnMirepoix",França,12,Calent,Primavera,Entrant,AdultsNens,Classic,MenuAdaptat51
Ou farcits de tomàquet i alfàbrega,Baixa,"4 unitat Ou, 80 g Tomaquet, 10 g Alfabrega, 20 ml OliDoliva, 2 g Sal","Cremos, Fresc, Herbaci, Suau","Bullir, Amanir, TallarEnBrunoise",Mediterrani,10,Fred,Primavera,Entrant,AdultsNens,Classic,MenuAdaptat51
Gambes a la planxa amb all (estil Ferran Adrià),Baixa,"300.0 g Gamba, 20.0 g All, 20.0 ml OliDoliva, 2.0 g Sal, Tomaquet, Menta","Umami, All, Sali, Suau, Acid, Fresc, Dolc-suau, Herbaci, Torrat, Intens, Cremos","Planxar, Airejar, TallarEnJuliana, DestillacioAromatica, FerEscuma, Texturitzar",Asiàtic,18,Calent,Primavera,Entrant,AdultsNens,Classic,MenuAdaptat51
Caneló Fred d’escalivada amb formatge fresc,Baixa,"200 g Escalivada, 120 g FormatgeFresc, 20 ml OliDoliva, 2 g Sal","Fumat, Cremos, Suau","Enfornar, Laminar, Amanir",Mediterrani,12,Fred,Primavera,Principal,AdultsNens,Classic,MenuAdaptat51
Filet de vedella amb bolets guisats,Baixa,"4 filet Vedella, 4 g Sal, 15 ml OliDoliva, 150 g Bolets, 2 grans All, 200 ml ViBlanc, 380 ml BrouDau","Umami, Terros, Calid, Sali","Sofregir, Guissar, Reduccio",Espanya,12,Calent,Primavera,Segon,AdultsNens,Classic,MenuAdaptat51
Pudding de pa i poma,Baixa,"200 g Pa, 2 unitats Poma, 400 ml Llet, 80 g Sucre, 40 g Mantega, 2 unitats Ou, 2 g Canyella","Dolc, Torrat, Afruitat, Calid","Enfornar, Batre, Caramellitzar",Internacional,7,Tebi,Primavera,Postre,AdultsNens,Classic,MenuAdaptat51
Tataki de filet ibèric amb fideus d’arròs (sense Fruitssecs),Mitjana,"640 g FiletIberic, 320 g SalsaDeSoja, 140 g VinagreDarros, 4 unitat Llima, 80 g OliDeSesam, 40 g BrotsDeSoja, 48 g Llavors de gira-sol, 160 g FideusDarros","Umami, Torrat, Marinant, Fresc","Marinar, Sellar, TallarEnJuliana",Japó,14,Fred,Estiu,Entrant,AdultsNens,Modern,MenuAdaptat52
Broqueta de daus de tonyina i meló amb pernil,Mitjana,"48 g PernilIberic, 120 g Tonyina, 88 g Melo, 20 g Germinats, 20 g OliDeSesam, 5 g VinagreDarros, 2 g Sal","Fresc, Afruitat, Sali, Umami","Marinar, TallarEnDaus, Amanir",Espanya,13,Fred,Estiu,Entrant,AdultsNens,Modern,MenuAdaptat52
Carpaccio d’albergínia escalivada amb llimona,Mitjana,"300 g Alberginia, 20 ml OliDoliva, 1 unitat Llimona, 2 g Sal, 1 g PebreNegre","Fumat, Citric, Terros, Suau","Laminar, Amanir, TallarEnBrunoise",Mediterrani,11,Fred,Estiu,Entrant,AdultsNens,Modern,MenuAdaptat52
Arròs sec al forn de presa ibèrica amb foie,Mitjana,"480 g PresaIberica, 400 g Arros, 40 g All, 12 g PebreVermellDolc, 840 g BrouDePorc, 120 g Tomaquet, 60 g Foie, 8 g Cebolli, 8 g Sal, 8 unitat BrinsDeSafra","Umami, Torrat, Calid, Sali","Sofregir, Enfornar, Reduccio",Espanya,14,Calent,Estiu,Principal,AdultsNens,Modern,MenuAdaptat52
Presa de vedella amb tabule de remolatxa i cebollí,Mitjana,"600 g Vedella, 200 g Ou, 1 remolatxa Cuita, 100 g FormatgeFeta, 16 unitat Tomaquet, 0.5 unitat Cogombre, 6 g Cebolli, 10 g OliDoliva, 2 g Sal, 10 ml VinagreDePoma","Umami, Terros, Fresc, Sali","Sellar, TallarEnJuliana, Amanir",Espanya,17,Fred,Estiu,Segon,AdultsNens,Modern,MenuAdaptat52
Gelat de sèsam negre i gingebre,Mitjana,"400 g CremaDeCoco, 40 ml LletVegetal, 60 g PastaDeSesamNegre, 50 ml XaropDauro, 5 ml Vainilla, 1 g Gingebre, 1 g Sal","Cremos, Sesam, Calid, Torrat","Gelificar, Triturar, Emulsionar",Asiàtic,12,Fred,Estiu,Postre,AdultsNens,Modern,MenuAdaptat52
"Llom de gla 100% ibèric Alta Expresión amb poma, nou i api",Baixa,"64 g LlomIberic, 32 g Poma, 28 g Nou, 28 g Api, 16 g Pa, 20 g Maionesa, 5 g Mostassa, 10 g OliDoliva, 1 g Sal, 2 g Cebolli","Dolc, Fresc, Amarg-suau, Umami","Marinar, Picar, Amanir",Espanya,7,Fred,Estiu,Entrant,AdultsNens,Classic,MenuAdaptat53
Xoriç ibèric de gla Alta Expresión amb poma reineta i formatge blau (sense Lactics),Baixa,"100 g Xoric, 100 g Poma, 32 g Pa, 1 unitat Canyella, 20 g Formatge vega, 10 g OliDoliva","Sali, Dolc, Intens, Umami","Enfornar, Amanir, Caramellitzar",Espanya,6,Fred,Estiu,Entrant,AdultsNens,Classic,MenuAdaptat53
Sopa freda de tomàquet amb encenall de ceba,Baixa,"240 g Tomaquet, 60 g Ceba, 20 ml OliDoliva, 2 g Sal","Fresc, Dolc-suau, Herbaci, Suau","Triturar, Amanir, TallarEnMirepoix",Europa,10,Tebi,Estiu,Entrant,AdultsNens,Classic,MenuAdaptat53
Creps d’espinacs,Baixa,"60 g Espinacs, 2 unitat Ou, 40 g FarinaDeBlat, 80 ml Aigua, 2 g Sal, 80 g Alvocat, 120 g Tonyina, 100 g FormatgeFresc, 100 g Pollastre","Fresc, Cremos, Umami, Herbaci","Batre, Planxar, Enfornar",Itàlia,10,Tebi,Estiu,Principal,AdultsNens,Classic,MenuAdaptat53
"Lluç amb velouté de fonoll, porros joves a la brasa i oli de pau",Baixa,"600 g Lluc, 200 g Fonoll, 150 g Porro, 40 g OliDoliva, 200 ml VelouteDePeix, 6 g Sal, 2 g PebreNegre","Fresc, Herbaci, Cremos, CitricSuau","Vapor, Brasejar, Reduccio",Catalunya,43,Calent,Estiu,Segon,AdultsNens,Classic,MenuAdaptat53
Gelat de maduixa natural (sense Lactics),Baixa,"400 g Maduixes, 200 ml Nata vegetal, 80 g Sucre, 20 g SucDeLlimona","Afruitat, Dolc-suau, Citric","Gelificar, Triturar, Emulsionar",Europa,7,Fred,Estiu,Postre,AdultsNens,Classic,MenuAdaptat53
Truita de patates amb ceba (sense Ou),Mitjana,"400 g Patata, 200 g Ceba, 4 unitat Pure de poma, 20 ml Oli","Suau, Dolc-suau, Torrat","Fregir, Batre, TallarEnJuliana",Mediterrani,9,Calent,Primavera,Principal,Nens,Classic,MenuAdaptat54
Croquetes de pollastre suau,Mitjana,"200 g Pollastre, 100 g Farina, 80 g Mantega, 400 ml Llet, 2 unitat Ou","Cremos, Suau, Umami","Arrebossar, Fregir, Triturar",Mediterrani,9,Calent,Primavera,Segon,Nens,Classic,MenuAdaptat54
Mouse de xocolata suau (sense Lactics),Mitjana,"200 g Xocolata, 200 ml Crema de coco, 2 unitat Ou, 40 g Sucre","Cacau, Cremos, Dolc-suau, Suau","Batre, Emulsionar, Temeprar",Espanya,7,Fred,Primavera,Postre,Nens,Classic,MenuAdaptat54
Mini croquetes de tonyina (sense Gluten),Mitjana,"200 g Tonyina, 100 g Farina darros, 80 g Mantega, 200 ml LletVegetal","Sali, Cremos, Suau","Arrebossar, Fregir, Triturar",Espanya,8,Calent,Anual,Principal,Nens,Modern,MenuInfAdaptat1
Mandonguilles amb tomàquet,Mitjana,"300 g Pollastre, 100 g PaRatllat, 1Ou, 200 g Tomaquet, 80 g Ceba","Umami, Dolc-suau, Suau","Batre, Estofar, TallarEnBrunoise",Mediterrani,12,Calent,Anual,Segon,Nens,Modern,MenuInfAdaptat1
Galetes amb xocolata,Baixa,"200 g Farina, 80 g Sucre, 80 g Mantega, 1 unitat Ou, 100 g Xocolata","Dolc, Cacau, Cruixent","Enfornar, Batre, TallarEnBrunoise",Europa,11,Tebi,Anual,Postre,AdultsNens,Modern,MenuInfAdaptat1
Mini pizza de pernil i formatge (substitut),Mitjana,"200 g Farina, 120 g Tomaquet, 120 g Formatge, 80 g PernilDolc","Umami, Cremos, Torrat","Enfornar, TallarEnBrunoise, Batre",Itàlia,10,Calent,Anual,Principal,Nens,Modern,MenuInfAdaptat2
Mandonguilles amb tomàquet,Mitjana,"300 g Pollastre, 100 g PaRatllat, 1Ou, 200 g Tomaquet, 80 g Ceba","Umami, Dolc-suau, Suau","Batre, Estofar, TallarEnBrunoise",Mediterrani,12,Calent,Anual,Segon,Nens,Modern,MenuInfAdaptat2
Galetes amb xocolata,Baixa,"200 g Farina, 80 g Sucre, 80 g Mantega, 1 unitat Ou, 100 g Xocolata","Dolc, Cacau, Cruixent","Enfornar, Batre, TallarEnBrunoise",Europa,11,Tebi,Anual,Postre,AdultsNens,Modern,MenuInfAdaptat2
Amanida cremosa de cogombres amb anet (origen Europa),Mitjana,"Ceba, Cogombre, Eneldo, Mantega, RatlladuraDeLlimona, Sal, Sucre, VinagreDarros","Fresc, Cremos, Herbaci, Citric","Amanir, TallarEnJuliana, TallarEnBrunoise",Europa,9,Fred,Estiu,Entrant,AdultsNens,Classic,MenuAdaptat55
Peixet fregit a l’andalusa (origen França),Mitjana,"FarinaDeBlat, Llimona, OliDoliva, PebreNegre, Sal, Xipirons","Cruixent, Sali, Citric, Suau","Fregir, Marinar, TallarEnJuliana",França,15,Calent,Estiu,Entrant,AdultsNens,Classic,MenuAdaptat55
Escamarlanets de la costa saltejats,Mitjana,"500 g Gamba, 20 g All, 20 g OliDoliva, 20 g ViBlanc, 1 unitat Llimona, 2 g Sal, 1 g PebreNegre, 5 g Julivert","Umami, Citric, All, Fresc","Saltejar, Amanir, TallarEnJuliana",Espanya,26,Calent,Estiu,Entrant,AdultsNens,Classic,MenuAdaptat55
Amanida de cous cous i cigró,Mitjana,"30 ml OliDoliva, 40 g Api, 1 unitat Chalota, 1 unitat All, 60 ml Aigua, 100 g CousCous, 100 g Cigrons, 5 g RatlladuraDeLlimona, 10 g Julivert, 20 unitat Ametlla, 10 ml VinagreChardonnay, 15 ml OliDeCanola, 15 ml Mel, 2 g Sal, 1 g Pebre","Fresc, Citric, Dolc-suau, FruitsSecs","Bullir, Amanir, TallarEnJuliana",Asiàtic,11,Fred,Estiu,Principal,AdultsNens,Classic,MenuAdaptat55
Espatlla de xai a la taronja amb brots tendres,Mitjana,"2Xai, 60 ml SucDeTaronja, 1 unitat Llima, 1 unitat Llimona, 1 unitat Taronja, 30 g Mel, 15 g SalsaDeSoja, 3 g Sal, 10 g BrotsDenciam, 40 g Festucs","Dolc, Citric, Umami, Fresc","Enfornar, Reduccio, TallarEnMirepoix",Espanya,20,Calent,Estiu,Segon,AdultsNens,Classic,MenuAdaptat55
"Sorbet de grosella, gerds i préssec blanc (origen Europa)",Mitjana,"Gerds, Groselles, Menta, Pressec, SucDeLlimona, XaropDauro","Afruitat, Citric, Dolc-suau, Fresc","Gelificar, Triturar, Emulsionar",Europa,7,Fred,Estiu,Postre,AdultsNens,Classic,MenuAdaptat55
Canya de presa de gla ibèrica Alta Expresión amb guacamole i totopos,Baixa,"60 g PresaIberica, 55 g Alvocat, 30 g Tomaquet, 15 g Ceba, 1 unitat Llima, 4 g XileSerrano, 20 g Totopos, 10 g GerminatsDeCoriandre, 20 g OliDoliva, 2 g SalsaTabasco","Citric, Picant, Fresc, Umami","Marinar, TallarEnJuliana, Amanir, Picar",Mèxic,8,Fred,Tardor,Entrant,AdultsNens,Modern,MenuAdaptat56
Gamba saltejada amb llimona,Baixa,"300 g Gamba, 20 g All, 1 unitat Llimona, 20 ml OliDoliva, 2 g Sal","Umami, Citric, Fresc, All","Saltejar, Amanir, TallarEnJuliana",Asiàtic,16,Calent,Tardor,Entrant,AdultsNens,Modern,MenuAdaptat56
Carpaccio de carbassó amb oli de llimona i alfàbrega (origen Catalunya),Baixa,"200 g Carbasso, 20 ml Oli, 1 unitat Llimona, 10 g Alfabrega, 2 g Sal","Fresc, Citric, Herbaci, Suau","Laminar, Amanir, TallarEnBrunoise",Catalunya,11,Fred,Tardor,Entrant,AdultsNens,Modern,MenuAdaptat56
Coliflor en tempura amb llet d’ovella COVAP i beixamel de castanyes (origen Europa),Baixa,"450 ml LletDovella, 100 g Castanyes, 5 g NouMoscada, 10 g Sal, 150 g Coliflor, 100 g FarinaDeBlat, 5 g BicarbonatSodic, 5 g PebreNegre, 100 g PernilIberic","Cremos, Torrat, Dolc-suau, Terros","Fregir, Emulsionar, Gratinar, TallarEnJuliana",Europa,11,Calent,Tardor,Principal,AdultsNens,Modern,MenuAdaptat56
Secret de gla 100% ibèric CFP,Baixa,"800 g SecretIberic, 2 g Sal, 1000 ml Llet, 30 ml SucDeLlimona, 15 g PebreVermellDolc, 200 g Farina, 60 g MidoDeBlatDeMoro, 300 g OliDeLlavors, 4 unitat Pa, 100 g Formatge","Umami, Sali, Torrat, Cremos","Sellar, Planxar, Amanir",Espanya,14,Calent,Tardor,Segon,AdultsNens,Modern,MenuAdaptat56
Galetes sense gluten amb xocolata,Baixa,"200 g FarinaDarros, 80 g Sucre, 80 g Mantega, 1 unitat Ou, 80 g Xocolata","Dolc, Cacau, Cruixent","Enfornar, Batre, TallarEnBrunoise",Internacional,10,Tebi,Tardor,Postre,AdultsNens,Modern,MenuAdaptat56
Broqueta moruna de llom,Baixa,"600 g LlomIberic, 12 g PebreVermell, 12 g Curcuma, 2 g Comi, 2 g PebreNegre, 8 g Orenga, 3.2 g All, 200 g Tomaquet, 120 g Ceba, 160 g Pebrot, 400 g OliDeGira-sol, 1 g Sal","PicantSuau, Especiat, Torrat, Herbaci","Marinar, Planxar, Saltejar",Espanya,10,Calent,Primavera,Entrant,AdultsNens,Modern,MenuAdaptat57
"Coca de pernil de gla 100% ibèric, pebrot escalivat i cebetes en vinagre (sense Gluten)",Baixa,"48 g PernilIberic, 300 g Pebrot, 32 g Pa sense gluten, 12 g Ceba, 48 g VinagreDeViNegre, 0.5 g Cebolli, 400 g ViNegre, 100 g Sucre, 5 g All, 100 g OliDoliva, 200 g Aigua, 11.2 g Sal","Agredolc, Citric, Fumat, Dolc-suau","Escaldar, Vapor, Amanir",Catalunya,8,Fred,Primavera,Entrant,AdultsNens,Modern,MenuAdaptat57
Pintxo d’albergínia flamejada amb paleta de gla 100% ibèrica i salsa tàjin,Baixa,"60 g PaletaIberica, 350 g Alberginia, 1.5 g Sal, 200 g OliDoliva, 10 g All, 1 unitat Farigola, 1 unitat Llorer, 8 g PebreNegre, 80 g Pa, 4 g PastaDeSesam, 2 g Cebolli","Fumat, Especiat, Umami, Torrat","Planxar, Brasejar, Amanir, TallarEnJuliana",Espanya,7,Tebi,Primavera,Entrant,AdultsNens,Modern,MenuAdaptat57
"Amanida de carbassó, tomàquets, olives i halloumi rostit",Baixa,"200 g Carbasso, 240 g Tomaquet, 20 ml OliDoliva, 5 g All, 2 g PebreVermell, 100 g FormatgeFresc, 40 g Olives, 20 g Festucs, 10 g Menta, 5 g Mel, 2 g Sal, 1 g PebreNegre","Fresc, Sali, Herbaci, AcidSuau","Enfornar, Laminar, Amanir",Asiàtic,15,Fred,Primavera,Principal,AdultsNens,Modern,MenuAdaptat57
Espatlla de cabrit al forn de llenya,Baixa,"1.4 kg Cabrit, 200 g Ceba, 100 g Pastanaga, 40 g OliDoliva, 100 ml ViBlanc, 6 g Sal, 2 g PebreNegre, 2 g Romani","Calid, Herbaci, Torrat, Umami","Enfornar, Rostir, TallarEnMirepoix",Internacional,16,Calent,Primavera,Segon,AdultsNens,Modern,MenuAdaptat57
Tarta de mores silvestres,Baixa,"130 g FarinaDametlla, 1 unitat Ou, 1 g Sal, 200 g Mores","Afruitat, Dolc, AcidSuau","Enfornar, TallarEnBrunoise, Amanir",Europa,9,Fred,Primavera,Postre,AdultsNens,Modern,MenuAdaptat57
Nuggets de pollastre casolans (sense Gluten),Mitjana,"300 g Pollastre, 100 g Farina darros, 2 unitat Ou, 40 g PaRatllat","Cruixent, Umami, Suau","Arrebossar, Fregir, TallarEnDaus",Internacional,10,Calent,Tardor,Principal,Nens,Modern,MenuInfAdaptat3
Croquetes de pollastre suau (substitut),Mitjana,"200 g Pollastre, 100 g Farina, 80 g Mantega, 400 ml Llet, 2 unitat Ou","Cremos, Suau, Umami","Arrebossar, Fregir, Triturar",Mediterrani,9,Calent,Tardor,Segon,Nens,Modern,MenuInfAdaptat3
Brownie de xocolata,Mitjana,"200 g Xocolata, 120 g Farina, 4 unitat Ou, 80 g Sucre","Cacau, Dolc, Intens","Enfornar, Batre, TallarEnBrunoise",EstatsUnits,6,Tebi,Tardor,Postre,Nens,Modern,MenuInfAdaptat3
