Plat,Ingredient-principal
Broqueta moruna de llom,Llom ibèric
"Coca de pernil de gla 100% ibèric, pebrot escalivat i cebetes en vinagre",Pernil ibèric
Pintxo d’albergínia flamejada amb paleta de gla 100% ibèrica i salsa tàjin,Paleta ibèrica
"Taco de cuixa de xai amb alvocat, xile i coriandre",Xai
Aperitiu de llom de gla 100% ibèric Alta Expresión,Proc ibèric
"Llom de gla 100% ibèric Alta Expresión amb poma, nou i api",Llom ibèric
"Torrada de xoriç ibèric de gla Alta Expresión amb torta del Casar, aranja i alfàbrega",Xoriç
Xoriç ibèric de gla Alta Expresión amb poma reineta i formatge blau,Xoriç
Xoriç ibèric de gla Alta Expresión amb figa confitades en Porto blanc,Xoriç
Xoriç ibèric de gla Alta Expresión amb sardina en conserva i cítrics,Xoriç
Torrada de xoriç ibèric de gla Alta Expresión amb poma i crema de parmesà,Xoriç
Canya de presa de gla ibèrica Alta Expresión amb guacamole i totopos,Presa ibèrica
Canya de presa de gla ibèrica Alta Expresión amb pinya i carbassó,Presa ibèrica
"Amanida de mango, formatge fresc i canya de presa de gla ibèrica Alta Expresión",Presa ibèrica
Torrada de llom ibèric amb ceba caramel·litzada i formatge,Llom ibèric
"Torrada de rossinyols, camagrocs i llom ibèric",Llom ibèric
"Tartaleta de síndria, anguila fumada i xoriç de gla ibèric",Xoriç
Remenat d’algues amb pernil de gla 100% ibèric i ou de salmó,Pernil ibèric
Tàrtar de figa amb paleta de gla 100% ibèrica i fruita de la passió,Paleta ibèrica
Amanida de patata amb maionesa de llimona i mostassa,Patata
Brandada de bacallà,Bacallà
Porros gratinats amb pernil i formatge,Porro
Ostres amb meuniere de pernil de bellota ibèric i panceta ibèrica,Ostres
Calamars a la romana,Xipirons
Cloïsses a la marinera,Ostres
Gambetes de la costa saltejades,Gamba
Sípies trossejades,Xipirons
Espàrrecs verds a la planxa,Espàrrecs verds
Pernil ibèric de gla tallat a mà,Pernil ibèric
Anxoves extres del Cantàbric i pa de coca,Anxoves
Espàrrecs blancs amb emulsió de mostassa antiga i sèsam,Espàrrec blanc
Carpaccio de tomàquet amb ventresca i oli de cítrics,Tomàquet
Gambes marinades amb llima i alfàbrega,Gamba
Ou farcits de tomàquet i alfàbrega,Ou
Espàrrecs a la planxa amb parmesà,Espàrrec
Gamba saltejada amb llimona,Gamba
Sopa freda de tomàquet amb encenall de ceba,Tomàquet
Espàrrecs blancs amb vinagreta suau,Espàrrec blanc
Gambes a la planxa amb all,Gamba
Amanida d’enciam i cogombre amb llima,Enciam
Carpaccio de carbassó amb oli de llimona i alfàbrega,Carbassó
Tàrtar de tomàquet a l’estil nòrdic amb llima,Tomàquet
Tataki de filet ibèric amb fideus d’arròs,Filet ibèric
Dumpling de llom ibèric amb salsa teriyaki,Llom ibèric
"pa amb pernil de gla 100% ibèric, aire i llavors de tomàquet amb or líquid",Pernil ibèric
Brioix de llom de gla 100% ibèric Alta Expresión amb mantega de tòfona i fulles de mostassa,Llom ibèric
Croqueta líquida de canya de presa de gla ibèrica Alta Expresión,Presa ibèrica
Milfulls de canya de presa de gla ibèrica amb olives i tàperes,Presa ibèrica
"Coca de parmesà amb presa ibèrica, ceba caramel·litzada i rúcula",Presa ibèrica
Broqueta de daus de tonyina i meló amb pernil,Tonyina
Entrepà del revés de paleta de gla 100% ibèrica,Paleta ibèrica
Amanida cremosa de cogombres amb anet,Cogombre
Bunyols de bacallà amb pinyons,Bacallà
Peixet fregit a l’andalusa,Xipirons
Escamarlanets de la costa saltejats,Gamba
Musclos al vapor,Musclos
Musclos a la marinera,Musclos
"Escalivada de pebrot vermell, albergínia i ceba",Pebrot
Tàrtar de salmó marinat amb alvocat i soja cítrica,Salmó fumat
Ceviche de Dorada amb llima i coriandre,Dorada
Tataki de tonyina amb sèsam i maionesa de yuzu,Tonyina
Laminat d’albergínia escalivada amb miso i sèsam,Albergínia
Bacallà fumat amb crema d’alvocat i cruixent de blat,Bacallà
Timbal de carabassó amb cremós de ricotta i tonyina semicrua,Carbassó
Carpaccio d’albergínia escalivada amb llimona,Albergínia
Pebrot escalivat amb oli i llimona,Pebrot
Morro VS Carabiner,Morro ibèric
Esfera de tartar de salsitxó de bellota,Salsitxó ibèric
Tartaleta de pasta de falla amb paté de llom ibèric i croissant,Formatge
Tartaleta de llimona serrana de xoriç de bellota,Xoriç
Tartar de xoriç ibèric amb consomé,Xoriç
"Ou a baixa temperatura, consomé de pernil i bolets",Gallina
"Mantega de xoriç de bellota, ou i llima kèfir",Xoriç
Croquetes de pernil ibèric de gla i foie,Pernil iberic
Navalletes,Ostres
Xipirons saltejats amb trompetes de la mort,Xipirons
Vieires marcades amb crema de coliflor i oli de tòfona,Vieires
Tàrtar de gamba vermella amb perles de llimona i oli de festucs,Gamba
Llagostí confitat amb maionesa de coral i aire de cava,Gamba
Niu cruixent de verdures amb vieira tatin i reduccions de soja,Vieires
Ostra amb gel de poncem i aire d’api,Ostres
Xipirons marcats amb gingebre i llima,Xipirons
Dauets d’albergínia i espàrrec marcats amb oli i sal,Albergínia
Ostres amb meuniere de pernil de bellota ibèric i panceta ibèrica,Ortres
Pappardelle d’estofat de vedella amb parmesà,Vedella
Coliflor en tempura amb llet d’ovella COVAP i beixamel de castanyes,Coliflor
"Carpaccio de presa de gla ibèrica amb poma, piparres i Idiazábal",Presa ibèrica
"Amanida de remolatxa, tomàquet rostit, formatge fresc i crostons",Remolatxa
Gnocchis de patata i tòfona,Patata
Crema de carbassa amb lasques de bacallà confitat,Carbassa
"Crema d'espàrrecs blancs al parmesà, amb bolets saltats",Espàrrec
Ou rostit amb samfaina,Ou
Puré d'Hiverni astanagues rostides,Xirivia
Amanida de figa i remolatxa,Figa
"Amanida de carbassó, tomàquets, olives i halloumi rostit",Carbassó
"Amanida de ruca, préssec a la brasa i fruits secs",Ruca
"Amanida de síndria, cogombre i feta",Síndria
Creps de blat sarraí,Farina de blat
Truita de carbassó amb tàrtar de tomàquet i parmesà,Ou
Amanida de sardines,Sardines
Creps d’espinacs,Espinacs
Nius de carbassó,Carbassó
Amanida de tomàquet amb ventresca de tonyina i ceba,Tomàquet
Crema freda de pastanaga i gingebre,Pastanaga
Caneló Fred d’escalivada amb formatge fresc,Escalivada
Crema d’albergínia rostida,Albergínia
Amanida japonesa de cogombre marinat amb gingebre,Cogombre
Albergínia rostida amb miso blanc suau,Albergínia
Arròs caldós de xai amb espàrrecs de marge,Xai
Steak tàrtar de filet amb patates soufflé,Filet ibèric
Rissino d’Idiazábal i llom de gla 100% ibèric,Llom ibèric
Arròs sec al forn de presa ibèrica amb foie,Presa ibèrica
Ravioli de colinap i acera,Colinap
Amanida de cous cous i cigró,Cous cous
Albergínies glacejades amb figa i garapinyats,Albergínia
Ceviche de Dorada amb llet de coco i granissat de llima,Dorada
Sopa cremosa de blat de moro,Blat de moro
Brou de verdures,Pastanaga
Crema de carbassa i gingebre,Carbassa
"Crema de carbassa, gingebre i coco",Carbassa
Rotllets de tardor,Pastanaga
Mini galetes de bròquil amb salsa tzatziki,Bròquil
Lassanya Crua,Tomàquet
Amanida César Gourmet,Carbassa
Tian de verdures,Tomàquet
Gofre de carbassó,Carbassó
Udon amb verdures i tofu fumat,Pasta
Espaguetis de carbassó amb pesto d’alvocat,Carbassó
"Amanida verda, tomàquet, espàrrecs, pastanaga, ceba i olives",Enciam
Caneló Fredd’escalivada amb crema de formatge de cabra,Escalivada
"Amanida de cogombre, ceba i llima",Cogombre
Crema freda d’espàrrec blanc amb oli d’oliva,Espàrrec blanc
"Amanida francesa d’escarola, tomàquet i vinagreta de poma",Escarola
Fideuà de filet ibèric amb llagostí de Vinaròs,Filet ibèric
Crema de pèsols amb escuma i cruixent de pernil de gla 100% ibèric i menta,Pèsols
Caneló de la nostra àvia catalana,Secret ibèric
Pèsols amb salsa de pernil de bellota i migues de pastor,Pèsols
Sopa freda d'espàrrecs i pèsols amb rovell d'ou a l'estragó,Espàrrecs
Trio de llagosta i perles de tapioca,Llamàntol
Paella marinera,Arròs
Arròs amb llamantol,Llamàntol
Arròs amb garotes i vieires,Vieires
Arrós amb espardenyes,Xipirons
Arròs negre a la marinera,Arròs
Crema de col llombrada,Col llombarda
Brou de verdures,Pastanaga
"Sopa de shitake, llima i safrà",Camagrocs
Crema de pastanaga taronja i pinyons,Pastanaga
Nyoquis de pèsols verds amb pesto de kale,Pèsols
Pasta amb salsa remolatxa,Remolatxa
Papardelle amb bolonyesa de carbassa,Carbassa
Crep de llentia vermella farcida de remolatxa,Cigrons
Parmeggiana d’albergínia,Albergínia
Pasta de konjac,Pasta
Pizza de coliflor,Carbassa
Secret de gla 100% ibèric CFP,Secret ibèric
Filet de gla 100% ibèric amb patata en tempura,Filet ibèric
Filet de vedella amb tàrtar de tomàquet,Vedella
Ploma ibèrica a les fines herbes amb crema de moniato,Ploma ibèrica
Filet de vedella amb bolets guisats,Vedella
Filet de vedella al wok,Vedella
Pa bao farcit de galta ibèrica,Galta ibèrica
Costelletes de xai glacejades amb espàrrecs de marge,Costelles de xai
Secret ibèric amb guisat de fonoll i ceba,Secret ibèric
Entrecot de vedella amb patates a l’all i farigola,Entrecot
Entrecot de vedella amb ceps i tapenade d’olives negres,Entrecot
Llom ibèric amb puré de carbassa i safrà,Llom ibèric
Tàrtar de filet ibèric,Filet ibèric
Txuletó a la planxa amb daus de patata i ou a 63 °C,Txuletó
Pastela de pollastre i ametlles,Pollastre
Suprema de corbina amb verdures de temporada,Corbina
Mini sarsuela de la costa,Rap
Filet de vedella a la planxa amb patata farcida de foie,Vedella
Garrí cuit a baixa temperatura,Garrí
Lluç amb velouté de fonoll,Lluç
Royal de carxofes i foie amb gambes de roses,Carxofes
Pintó rostit al moment amb parmentier de blat de moro,Pintó
"Taco de bacallà amb espinacs, pinyons, panses i múrgoles",Bacallà
Medalló de bou a la planxa amb salsa de vins de l’empordà,Bou
Confit d’ànec amb poma caramel·litzada,Ànec
Croquetes casolanes,Pollastre
Cuixa de cabrit al forn amb patates panadera,Cabrit
Espatlla de cabrit al forn de llenya,Cabrit
Espatlla de xai imperial al forn de llenya (lechazo),Xai
Solomillo de vedella al porto,Vedella
Llagarto ibèric amb tàrtar de verdures,Llagarto ibèric
Llom ibèric filetejat amb cremós d’all rostit,Llom ibèric
Abanico ibèric amb cruixent i salsa de formatge de cabra,Abanico ibèric
Costelles de cuixa amb amanida d’endívia roja,Costelles de cuixa
Carilló de xai amb picada,Xai
Presa de vedella amb tabule de remolatxa,Vedella
Costelles de xai amb salsa remoulade,Xai
Espatlla de xai a la taronja,Xai
Terrina de carrillada ibèrica,Carrillada ibèrica
Amanida Tebia de secret ibèric i tubercles,Secret ibèric
Cuixa de xai al buit amb salmorejo canari,Xai
Bacallà al pil-pil,Bacallà
Calamarson farcit d'escalivada,Xipirons
Pinxos moruns,Xai
Dorada a la sal,Dorada
Tournedó de filet de vedella amb mini verdures,Vedella
Carré de xai al forn amb verdures de temporada,Xai
Colomí estofat amb remolatxa i maduixes silvestres,Colomí
Carré de xai de llet al forn amb mini verdures,Xai
Magret d’ànec a la brasa amb nyoquis de patata trufats i puré d’orellons,Ànec
Carbonara de vedella,Vedella
Confit d’ànec,Ànec
Llom de lluç amb salsa de cava,Lluç
Melós de vedella amb bolets,Vedella
Solomillo de porc ibèric amb crema d’ametlles,Solomillo de porc ibèric
Solomillo de vedella amb salsa roquefort,Solomillo de vedella
Tournedó caçadora,Solomillo de vedella
Cuixa de xai desossada farcida,Xai
Espatlla de xai Thai,Xai
Espatlla de xai amb albergínia fregida,Xai
Call de txuleta de porc ibèric madurada,Porc
Melós de carrilleres de bellota,Carrillera de porc ibèric
Carrillera de curri roig amb xoriç,Porc
Calamarsons farcits amb all confitats,Xipirons
Rostit de xai amb mel,Xai
Cua de porc ibèric amb vieires i brou de ceba,Cua de porc ibèric
Pintó rostit al moment,Pintó
Capó rostit amb bolets,Capó
Espatlla de xai cuinada a baixa temperatura,Xai
Petita mariscada de roses,Gamba
Rap al forn amb puré de pèsols,Rap
Ventresca de tonyina amb pèsols,Ventresca de tonyina
Suprema de llobarro amb bolets,Llobarro
Solomillo de senglar jove amb poma,Solomillo de senglar
Garrí confitat a baixa temperatura,Garrí
Solomillo de vedella amb patata farcida,Solomillo de senglar
Tournedó de vedella amb mini verdures i ceps,Vedella
Llobina salvatge amb cítrics i espàrrecs verds,Llobina
Suprema de Dorada al forn,Dorada
Garrí cuit a baixa temperatura amb all tendres,Garrí
Suprema de Dorada salvatge amb all silvestres i gamba,Dorada
Llom de llobarro marcat a la brasa,Llobarro
Bacallà gratinat amb muselina d’all suau,Bacallà
Entrecot de vedella amb salsa de bolets,Entrecot
Entrecot de vedella amb salsa de pebre verd,Entrecot
Escalopa de vedella amb patates fregides,Vedella
Solomillo de vedella amb salsa pebre,Solomillo de vedella
Solomillo ibèric amb reduccions de pedro ximénez,Solomillo ibèric
Suprema de dorada amb salsa verda,Dorada
Amanida de fruita fresca,Fruita
"Compota de prunes, pera i gingebre",Prunes
Tarta de mores silvestres,Mores
Smoothie de maca,Llet vegetal
"Gelat de iogurt, plàtan i col·lagen",Iogurt de cabra
Te gelat de verbena i llimona,Verbena
Galetes d’avellana,Avellana
Trufes de xocolata amb taronja,Cacau
Gelat de maduixa natural,Maduixa
Pudding de pa i poma,Pa
Galetes sense gluten amb xocolata,Farina d’arròs
Gelat de vainilla,Vainilla
Galetes amb xocolata,Farina
Pastís de formatge,Formatge crema
Iogurt amb fruita,Iogurt natural
Macedònia natural,Fruita
Gelat de maduixa,Maduixa
Munitat ouse de Dàtils amb Mel Halal,Dàtils
Pastís de Iogurt amb Mel i unitat ou Halal,Iogurt
Crema catalana SenseGluten,Llet
PannaCotta amb fruitsvermells SenseGluten,Fruits Vermells
Rajola de xocolata negra amb ashwagandha i gingebre,Xocolata
Mini pastís de carbassa,Carbassa
Donut saludable de moniato i cacau,Moniato
Golden Latte,Llet vegetal
"Sorbet de cacau cru, maca i pol·len",Cacau
"Sorbet de grosella, gerds i préssec blanc",Gerds
Gelat de sèsam negre i gingebre,Sèsam negre
Púding de quinoa i xía amb albercocs,Quinoa
Smoothie de maduixa i alfàbrega,Maduixes
Bombons de festuc i xocolata,Festucs
Creps de blat sarraí amb mandarines rostides,Farina de blat
Iogurt natural amb mel i fruites,Iogurt natural
Brotxeta de fruita fresca,Fruita
Copa de iogurt i maduixes,Iogurt natural
Iogurt amb mel,Iogurt natural
Poma al forn amb canyella,Poma
Gelatina de fruita,Suc de fruita
Fruites Fresques amb Xarop de Dàtils Halal,Fruita
Cremós de Llet amb Mel Halal,Llet
Fruita fresca amb mel,Fruita
Munitat ouse de llimona,Suc de llimona
Coulant de cocolata SenseGluten,Xocolata
Cheesecake de caqui,Caqui
"Púding de xia, te matxa i gerds",Llavors de xia
Magnum de xocolata i gerds,Crema de coco
Polos marbrejats de nabius i iogurt,Nabius
Brownie de cacau i cacauet,Cacau
Munitat ouse de xocolata suau,Xocolata
Flam de vainilla,Vainilla
Creps de xocolata amb platan,Cacau
Macedònia de fruites,Fruita
Iogurt amb melmelada,Iogurt natural
Fruita de temporada,Fruita
Gelatina de Mango Halal,Mango
Crema de carbassó suau sense lactosa,Carbassó
Munitat ouse de xocolata sense lactosa,Xocolata
Gelat de mango sense lactosa,Mango
Copa de iogurt vegetal amb maduixes,Iogurt vegetal
Cheesecake de nabius,Nabius
Brownie,Xocolata
Sorbet de mango,Mango
Flam de vainilla,Vainilla
Macedonia de fruites fresques,Fruita
Mini pizza de pernil i formatge,Pernil dolç
Crema de carbassa suau,Carbassa
Sandvitx de formatge fos,Formatge
Puré de pèsols i menta,Pèsols
Mini brotxeta de formatge i tomàquet,Formatge
Amanida de pasta amb tomàquet i tonyina,Pasta
Bastonets de pastanaga amb hummus suau,Pastanaga
Palets de formatge amb salsa suau,Formatge
Mini entrepà de pernil dolç,Pernil dolç
Amanida de pollastre i blat de moro,Pollastre
Rolls de formatge i pernil dolç,Formatge tendre
Crema freda de pastanaga,Pastanaga
Amanida de fruites dolces,Fruita
Cucs de pasta amb salsa suau de tomàquet,Pasta
Crema suau de pastanaga,Pastanaga
Sopa de fideus amb verdures,Fideus
Mini torradetes amb formatge i pernil ibèric,Pernil ibèric
Bastonets de pastanaga i api amb hummus suau,Pastanaga
Arròs tres delícies sense soja,Arròs
Mini hamburguesa de vedella amb formatge,Vedella
Pollastre arrebossat amb patates forneres,Pollastre
Pizza margarita petita,Tomàquet
Puré de patata i pastanaga,Patata
Mini pizza de pernil i formatge,Pernil dolç
Espaguetis amb tomàquet dolcet,Pasta
Ous remenats amb pernil dolç,Ou
Arròs a la cubana,Arròs
Sopa de verdures,Verdures
Arròs tres delícies suau,Arròs
Crema de pèsols,Pèsols
Pollastre arrebossat amb patates,Pollastre
Peix arrebossat amb arròs blanc,Peix blanc
Filet de pollastre a la planxa,Pollastre
Macarrons amb Tomàquet,Pasta
Mini hamburguesa de pollastre amb formatge,Pollastre
Bastons de lluç arrebossat amb patates al forn,Lluç
Arròs tres delícies suau (sense soja),Arròs
Crema de carbassa dolceta,Carbassa
Amanida de pollastre i blat de moro,Pollastre
Espaguetis amb salsa suau de tomàquet,Pasta
Hamburguesa casolana amb formatge suau,Porc
Macarrons amb tomàquet i formatge,Pasta
Iogurt natural amb mel i fruites,Iogurt
Flam de vainilla,Llet
Copa de iogurt i maduixes,Iogurt
Iogurt amb mel,Iogurt
Gelat de vainilla,Gelat
Macedònia de fruites,Fruita
Poma al forn amb canyella,Poma
Iogurt amb melmelada,Iogurt
Gelatina de fruita,Gelatina
Flam de Vainilla Sense-lactosa,Llet vegetal
Flam de vainilla,Llet
Brownie de xocolata,Xocolata
Truita de patates amb ceba,Patata
Sopa de pollastre amb fideus fins,Pollastre
Nuggets de pollastre casolans,Pollastre
Risotto suau de verdures,Arròs
Pasta farfalle amb pesto suau,Pasta
Mini truita de patates,Patata
Mini pizzes de formatge,Formatge
Mini croquetes de tonyina,Tonyina
Macarrons amb formatge,Pasta
Canelons de pollastre,Pollastre
Crema de carbassa,Carbassa
Arròs amb verdures,Arròs
Fideuà infantil,Fideus
Sopa de galets amb pilota,Pasta
Macarrons gratinats amb beixamel,Pasta
Fideus amb pollastre i verdura,Fideus
Hamburguesa Vegana amb Pa Sense-gluten,Llegums
Mini Pizza de Formatge Sense-lactosa,Farina
Nuggets de pollastre amb patates al forn,Pollastre
Filet de lluç arrebossat amb arròs,Lluç
Truita de patates amb pa torrat,Patata
Croquetes de pollastre suau,Pollastre
Croquetes de verdures,Verdures
Croquetes de pollastre suau,Pollastre
Canelons freds de tonyina,Tonyina
Croquetes de Pollastre,Pollastre
Mandonguilles amb tomàquet,Pollastre
Hamburguesa casolana amb formatge,Vedella
Truita de patates,Patata
Llibrets de pernil dolç i formatge,Pollastre
Nuggets de pollastre,Pollastre
Mini hamburgueses mixtes,Carn mixta
Varietat de peix suau amb patates,Peix blanc
Mouse ouse de xocolata suau,Xocolata
Gelat de maduixa natural,Maduixes
Creps de xocolata amb platan,Cacau
Galetes amb xocolata,Xocolata
Brownie de xocolata,Xocolata
Mouse de xocolata suau,Xocolata
Pastís de formatge,Formatge crema
Flam de coco suau,Llet de coco
Poma caramel·litzada amb crema anglesa,Poma
Crema suau de iogurt amb mel i nous,Iogurt